file,line,type,commit,author,date,time,timezone,datetime,depth,length
style.css,1,css,27d90ddc,SY-42,2025-01-18,22:44:15,-08:00,2025-01-18T22:44:15-08:00,0,6
style.css,2,css,b96a2137,SY-42,2025-01-25,22:39:29,-08:00,2025-01-25T22:39:29-08:00,0,24
style.css,3,css,27d90ddc,SY-42,2025-01-18,22:44:15,-08:00,2025-01-18T22:44:15-08:00,0,33
style.css,4,css,27d90ddc,SY-42,2025-01-18,22:44:15,-08:00,2025-01-18T22:44:15-08:00,0,0
style.css,5,css,27d90ddc,SY-42,2025-01-18,22:44:15,-08:00,2025-01-18T22:44:15-08:00,0,0
style.css,6,css,f082cb86,SY-42,2025-01-10,20:57:04,-08:00,2025-01-10T20:57:04-08:00,0,5
style.css,7,css,f082cb86,SY-42,2025-01-10,20:57:04,-08:00,2025-01-10T20:57:04-08:00,0,44
style.css,8,css,f082cb86,SY-42,2025-01-10,20:57:04,-08:00,2025-01-10T20:57:04-08:00,0,43
style.css,9,css,f082cb86,SY-42,2025-01-10,20:57:04,-08:00,2025-01-10T20:57:04-08:00,0,1
style.css,10,css,f082cb86,SY-42,2025-01-10,20:57:04,-08:00,2025-01-10T20:57:04-08:00,0,24
style.css,11,css,27d90ddc,SY-42,2025-01-18,22:44:15,-08:00,2025-01-18T22:44:15-08:00,0,16
style.css,12,css,27d90ddc,SY-42,2025-01-18,22:44:15,-08:00,2025-01-18T22:44:15-08:00,0,19
style.css,13,css,27d90ddc,SY-42,2025-01-18,22:44:15,-08:00,2025-01-18T22:44:15-08:00,0,13
style.css,14,css,27d90ddc,SY-42,2025-01-18,22:44:15,-08:00,2025-01-18T22:44:15-08:00,0,32
style.css,15,css,f082cb86,SY-42,2025-01-10,20:57:04,-08:00,2025-01-10T20:57:04-08:00,0,0
style.css,16,css,b96a2137,SY-42,2025-01-25,22:39:29,-08:00,2025-01-25T22:39:29-08:00,0,0
style.css,17,css,b96a2137,SY-42,2025-01-25,22:39:29,-08:00,2025-01-25T22:39:29-08:00,0,19
style.css,18,css,b96a2137,SY-42,2025-01-25,22:39:29,-08:00,2025-01-25T22:39:29-08:00,0,18
style.css,19,css,b96a2137,SY-42,2025-01-25,22:39:29,-08:00,2025-01-25T22:39:29-08:00,0,9
style.css,20,css,b96a2137,SY-42,2025-01-25,22:39:29,-08:00,2025-01-25T22:39:29-08:00,0,10
style.css,21,css,b96a2137,SY-42,2025-01-25,22:39:29,-08:00,2025-01-25T22:39:29-08:00,0,14
style.css,22,css,27d90ddc,SY-42,2025-01-18,22:44:15,-08:00,2025-01-18T22:44:15-08:00,0,0
style.css,23,css,27d90ddc,SY-42,2025-01-18,22:44:15,-08:00,2025-01-18T22:44:15-08:00,0,0
style.css,24,css,27d90ddc,SY-42,2025-01-18,22:44:15,-08:00,2025-01-18T22:44:15-08:00,0,4
style.css,25,css,b96a2137,SY-42,2025-01-25,22:39:29,-08:00,2025-01-25T22:39:29-08:00,0,40
style.css,26,css,b96a2137,SY-42,2025-01-25,22:39:29,-08:00,2025-01-25T22:39:29-08:00,0,3
style.css,27,css,b96a2137,SY-42,2025-01-25,22:39:29,-08:00,2025-01-25T22:39:29-08:00,0,17
style.css,28,css,b96a2137,SY-42,2025-01-25,22:39:29,-08:00,2025-01-25T22:39:29-08:00,0,3
style.css,29,css,b96a2137,SY-42,2025-01-25,22:39:29,-08:00,2025-01-25T22:39:29-08:00,0,17
style.css,30,css,b96a2137,SY-42,2025-01-25,22:39:29,-08:00,2025-01-25T22:39:29-08:00,0,0
style.css,31,css,b96a2137,SY-42,2025-01-25,22:39:29,-08:00,2025-01-25T22:39:29-08:00,0,0
style.css,32,css,27d90ddc,SY-42,2025-01-18,22:44:15,-08:00,2025-01-18T22:44:15-08:00,0,13
style.css,33,css,27d90ddc,SY-42,2025-01-18,22:44:15,-08:00,2025-01-18T22:44:15-08:00,0,2
style.css,34,css,27d90ddc,SY-42,2025-01-18,22:44:15,-08:00,2025-01-18T22:44:15-08:00,0,7
style.css,35,css,27d90ddc,SY-42,2025-01-18,22:44:15,-08:00,2025-01-18T22:44:15-08:00,0,21
style.css,36,css,27d90ddc,SY-42,2025-01-18,22:44:15,-08:00,2025-01-18T22:44:15-08:00,0,14
style.css,37,css,27d90ddc,SY-42,2025-01-18,22:44:15,-08:00,2025-01-18T22:44:15-08:00,0,18
style.css,38,css,27d90ddc,SY-42,2025-01-18,22:44:15,-08:00,2025-01-18T22:44:15-08:00,0,14
style.css,39,css,27d90ddc,SY-42,2025-01-18,22:44:15,-08:00,2025-01-18T22:44:15-08:00,0,0
style.css,40,css,27d90ddc,SY-42,2025-01-18,22:44:15,-08:00,2025-01-18T22:44:15-08:00,0,8
style.css,41,css,27d90ddc,SY-42,2025-01-18,22:44:15,-08:00,2025-01-18T22:44:15-08:00,0,26
style.css,42,css,27d90ddc,SY-42,2025-01-18,22:44:15,-08:00,2025-01-18T22:44:15-08:00,0,26
style.css,43,css,27d90ddc,SY-42,2025-01-18,22:44:15,-08:00,2025-01-18T22:44:15-08:00,0,40
style.css,44,css,b96a2137,SY-42,2025-01-25,22:39:29,-08:00,2025-01-25T22:39:29-08:00,0,70
style.css,45,css,27d90ddc,SY-42,2025-01-18,22:44:15,-08:00,2025-01-18T22:44:15-08:00,0,21
style.css,46,css,27d90ddc,SY-42,2025-01-18,22:44:15,-08:00,2025-01-18T22:44:15-08:00,0,0
style.css,47,css,27d90ddc,SY-42,2025-01-18,22:44:15,-08:00,2025-01-18T22:44:15-08:00,0,18
style.css,48,css,27d90ddc,SY-42,2025-01-18,22:44:15,-08:00,2025-01-18T22:44:15-08:00,0,24
style.css,49,css,27d90ddc,SY-42,2025-01-18,22:44:15,-08:00,2025-01-18T22:44:15-08:00,0,26
style.css,50,css,b96a2137,SY-42,2025-01-25,22:39:29,-08:00,2025-01-25T22:39:29-08:00,0,40
style.css,51,css,27d90ddc,SY-42,2025-01-18,22:44:15,-08:00,2025-01-18T22:44:15-08:00,0,0
style.css,52,css,27d90ddc,SY-42,2025-01-18,22:44:15,-08:00,2025-01-18T22:44:15-08:00,0,0
style.css,53,css,27d90ddc,SY-42,2025-01-18,22:44:15,-08:00,2025-01-18T22:44:15-08:00,0,9
style.css,54,css,27d90ddc,SY-42,2025-01-18,22:44:15,-08:00,2025-01-18T22:44:15-08:00,0,26
style.css,55,css,27d90ddc,SY-42,2025-01-18,22:44:15,-08:00,2025-01-18T22:44:15-08:00,0,26
style.css,56,css,b96a2137,SY-42,2025-01-25,22:39:29,-08:00,2025-01-25T22:39:29-08:00,0,40
style.css,57,css,27d90ddc,SY-42,2025-01-18,22:44:15,-08:00,2025-01-18T22:44:15-08:00,0,21
style.css,58,css,27d90ddc,SY-42,2025-01-18,22:44:15,-08:00,2025-01-18T22:44:15-08:00,0,0
style.css,59,css,27d90ddc,SY-42,2025-01-18,22:44:15,-08:00,2025-01-18T22:44:15-08:00,0,0
style.css,60,css,b96a2137,SY-42,2025-01-25,22:39:29,-08:00,2025-01-25T22:39:29-08:00,0,32
style.css,61,css,27d90ddc,SY-42,2025-01-18,22:44:15,-08:00,2025-01-18T22:44:15-08:00,0,13
style.css,62,css,27d90ddc,SY-42,2025-01-18,22:44:15,-08:00,2025-01-18T22:44:15-08:00,0,0
style.css,63,css,27d90ddc,SY-42,2025-01-18,22:44:15,-08:00,2025-01-18T22:44:15-08:00,0,0
style.css,64,css,27d90ddc,SY-42,2025-01-18,22:44:15,-08:00,2025-01-18T22:44:15-08:00,0,5
style.css,65,css,27d90ddc,SY-42,2025-01-18,22:44:15,-08:00,2025-01-18T22:44:15-08:00,0,13
style.css,66,css,27d90ddc,SY-42,2025-01-18,22:44:15,-08:00,2025-01-18T22:44:15-08:00,0,31
style.css,67,css,27d90ddc,SY-42,2025-01-18,22:44:15,-08:00,2025-01-18T22:44:15-08:00,0,8
style.css,68,css,27d90ddc,SY-42,2025-01-18,22:44:15,-08:00,2025-01-18T22:44:15-08:00,0,6
style.css,69,css,27d90ddc,SY-42,2025-01-18,22:44:15,-08:00,2025-01-18T22:44:15-08:00,0,13
style.css,70,css,27d90ddc,SY-42,2025-01-18,22:44:15,-08:00,2025-01-18T22:44:15-08:00,0,30
style.css,71,css,27d90ddc,SY-42,2025-01-18,22:44:15,-08:00,2025-01-18T22:44:15-08:00,0,19
style.css,72,css,27d90ddc,SY-42,2025-01-18,22:44:15,-08:00,2025-01-18T22:44:15-08:00,0,0
style.css,73,css,27d90ddc,SY-42,2025-01-18,22:44:15,-08:00,2025-01-18T22:44:15-08:00,0,7
style.css,74,css,27d90ddc,SY-42,2025-01-18,22:44:15,-08:00,2025-01-18T22:44:15-08:00,0,19
style.css,75,css,27d90ddc,SY-42,2025-01-18,22:44:15,-08:00,2025-01-18T22:44:15-08:00,0,0
style.css,76,css,27d90ddc,SY-42,2025-01-18,22:44:15,-08:00,2025-01-18T22:44:15-08:00,0,0
style.css,77,css,27d90ddc,SY-42,2025-01-18,22:44:15,-08:00,2025-01-18T22:44:15-08:00,0,0
style.css,78,css,27d90ddc,SY-42,2025-01-18,22:44:15,-08:00,2025-01-18T22:44:15-08:00,0,10
style.css,79,css,27d90ddc,SY-42,2025-01-18,22:44:15,-08:00,2025-01-18T22:44:15-08:00,0,13
style.css,80,css,27d90ddc,SY-42,2025-01-18,22:44:15,-08:00,2025-01-18T22:44:15-08:00,0,59
style.css,81,css,27d90ddc,SY-42,2025-01-18,22:44:15,-08:00,2025-01-18T22:44:15-08:00,0,8
style.css,82,css,27d90ddc,SY-42,2025-01-18,22:44:15,-08:00,2025-01-18T22:44:15-08:00,0,0
style.css,83,css,27d90ddc,SY-42,2025-01-18,22:44:15,-08:00,2025-01-18T22:44:15-08:00,0,0
style.css,84,css,27d90ddc,SY-42,2025-01-18,22:44:15,-08:00,2025-01-18T22:44:15-08:00,0,8
style.css,85,css,27d90ddc,SY-42,2025-01-18,22:44:15,-08:00,2025-01-18T22:44:15-08:00,0,13
style.css,86,css,27d90ddc,SY-42,2025-01-18,22:44:15,-08:00,2025-01-18T22:44:15-08:00,0,27
style.css,87,css,27d90ddc,SY-42,2025-01-18,22:44:15,-08:00,2025-01-18T22:44:15-08:00,0,16
style.css,88,css,27d90ddc,SY-42,2025-01-18,22:44:15,-08:00,2025-01-18T22:44:15-08:00,0,3
style.css,89,css,27d90ddc,SY-42,2025-01-18,22:44:15,-08:00,2025-01-18T22:44:15-08:00,0,9
style.css,90,css,27d90ddc,SY-42,2025-01-18,22:44:15,-08:00,2025-01-18T22:44:15-08:00,0,0
style.css,91,css,27d90ddc,SY-42,2025-01-18,22:44:15,-08:00,2025-01-18T22:44:15-08:00,0,0
style.css,92,css,27d90ddc,SY-42,2025-01-18,22:44:15,-08:00,2025-01-18T22:44:15-08:00,0,0
style.css,93,css,4cb63946,SY-42,2025-02-14,23:20:24,-08:00,2025-02-14T23:20:24-08:00,0,16
style.css,94,css,4cb63946,SY-42,2025-02-14,23:20:24,-08:00,2025-02-14T23:20:24-08:00,0,13
style.css,95,css,4cb63946,SY-42,2025-02-14,23:20:24,-08:00,2025-02-14T23:20:24-08:00,0,0
style.css,96,css,4cb63946,SY-42,2025-02-14,23:20:24,-08:00,2025-02-14T23:20:24-08:00,0,0
style.css,97,css,4cb63946,SY-42,2025-02-14,23:20:24,-08:00,2025-02-14T23:20:24-08:00,0,0
style.css,98,css,27d90ddc,SY-42,2025-01-18,22:44:15,-08:00,2025-01-18T22:44:15-08:00,0,3
style.css,99,css,27d90ddc,SY-42,2025-01-18,22:44:15,-08:00,2025-01-18T22:44:15-08:00,0,15
style.css,100,css,27d90ddc,SY-42,2025-01-18,22:44:15,-08:00,2025-01-18T22:44:15-08:00,0,0
style.css,101,css,27d90ddc,SY-42,2025-01-18,22:44:15,-08:00,2025-01-18T22:44:15-08:00,0,0
style.css,102,css,27d90ddc,SY-42,2025-01-18,22:44:15,-08:00,2025-01-18T22:44:15-08:00,0,2
style.css,103,css,27d90ddc,SY-42,2025-01-18,22:44:15,-08:00,2025-01-18T22:44:15-08:00,0,16
style.css,104,css,27d90ddc,SY-42,2025-01-18,22:44:15,-08:00,2025-01-18T22:44:15-08:00,0,18
style.css,105,css,27d90ddc,SY-42,2025-01-18,22:44:15,-08:00,2025-01-18T22:44:15-08:00,0,0
style.css,106,css,27d90ddc,SY-42,2025-01-18,22:44:15,-08:00,2025-01-18T22:44:15-08:00,0,0
style.css,107,css,27d90ddc,SY-42,2025-01-18,22:44:15,-08:00,2025-01-18T22:44:15-08:00,0,8
style.css,108,css,27d90ddc,SY-42,2025-01-18,22:44:15,-08:00,2025-01-18T22:44:15-08:00,0,17
style.css,109,css,27d90ddc,SY-42,2025-01-18,22:44:15,-08:00,2025-01-18T22:44:15-08:00,0,26
style.css,110,css,27d90ddc,SY-42,2025-01-18,22:44:15,-08:00,2025-01-18T22:44:15-08:00,0,26
style.css,111,css,27d90ddc,SY-42,2025-01-18,22:44:15,-08:00,2025-01-18T22:44:15-08:00,0,38
style.css,112,css,27d90ddc,SY-42,2025-01-18,22:44:15,-08:00,2025-01-18T22:44:15-08:00,0,7
style.css,113,css,27d90ddc,SY-42,2025-01-18,22:44:15,-08:00,2025-01-18T22:44:15-08:00,0,33
style.css,114,css,27d90ddc,SY-42,2025-01-18,22:44:15,-08:00,2025-01-18T22:44:15-08:00,0,0
style.css,115,css,27d90ddc,SY-42,2025-01-18,22:44:15,-08:00,2025-01-18T22:44:15-08:00,0,2
style.css,116,css,27d90ddc,SY-42,2025-01-18,22:44:15,-08:00,2025-01-18T22:44:15-08:00,0,14
style.css,117,css,27d90ddc,SY-42,2025-01-18,22:44:15,-08:00,2025-01-18T22:44:15-08:00,0,0
style.css,118,css,27d90ddc,SY-42,2025-01-18,22:44:15,-08:00,2025-01-18T22:44:15-08:00,0,0
style.css,119,css,27d90ddc,SY-42,2025-01-18,22:44:15,-08:00,2025-01-18T22:44:15-08:00,0,0
style.css,120,css,55446379,SY-42,2025-01-31,17:22:17,-08:00,2025-01-31T17:22:17-08:00,0,0
style.css,121,css,37240bc2,SY-42,2025-02-08,22:41:32,-08:00,2025-02-08T22:41:32-08:00,0,14
style.css,122,css,37240bc2,SY-42,2025-02-08,22:41:32,-08:00,2025-02-08T22:41:32-08:00,0,70
style.css,123,css,37240bc2,SY-42,2025-02-08,22:41:32,-08:00,2025-02-08T22:41:32-08:00,0,34
style.css,124,css,37240bc2,SY-42,2025-02-08,22:41:32,-08:00,2025-02-08T22:41:32-08:00,0,0
style.css,125,css,37240bc2,SY-42,2025-02-08,22:41:32,-08:00,2025-02-08T22:41:32-08:00,0,0
style.css,126,css,4cb63946,SY-42,2025-02-14,23:20:24,-08:00,2025-02-14T23:20:24-08:00,0,11
style.css,127,css,4cb63946,SY-42,2025-02-14,23:20:24,-08:00,2025-02-14T23:20:24-08:00,0,12
style.css,128,css,4cb63946,SY-42,2025-02-14,23:20:24,-08:00,2025-02-14T23:20:24-08:00,0,0
style.css,129,css,55446379,SY-42,2025-01-31,17:22:17,-08:00,2025-01-31T17:22:17-08:00,0,0
style.css,130,css,4cb63946,SY-42,2025-02-14,23:20:24,-08:00,2025-02-14T23:20:24-08:00,0,23
style.css,131,css,55446379,SY-42,2025-01-31,17:22:17,-08:00,2025-01-31T17:22:17-08:00,0,3
style.css,132,css,55446379,SY-42,2025-01-31,17:22:17,-08:00,2025-01-31T17:22:17-08:00,0,13
style.css,133,css,55446379,SY-42,2025-01-31,17:22:17,-08:00,2025-01-31T17:22:17-08:00,0,9
style.css,134,css,55446379,SY-42,2025-01-31,17:22:17,-08:00,2025-01-31T17:22:17-08:00,0,17
style.css,135,css,55446379,SY-42,2025-01-31,17:22:17,-08:00,2025-01-31T17:22:17-08:00,0,37
style.css,136,css,55446379,SY-42,2025-01-31,17:22:17,-08:00,2025-01-31T17:22:17-08:00,0,3
style.css,137,css,55446379,SY-42,2025-01-31,17:22:17,-08:00,2025-01-31T17:22:17-08:00,0,13
style.css,138,css,55446379,SY-42,2025-01-31,17:22:17,-08:00,2025-01-31T17:22:17-08:00,0,11
style.css,139,css,55446379,SY-42,2025-01-31,17:22:17,-08:00,2025-01-31T17:22:17-08:00,0,25
style.css,140,css,55446379,SY-42,2025-01-31,17:22:17,-08:00,2025-01-31T17:22:17-08:00,0,31
style.css,141,css,55446379,SY-42,2025-01-31,17:22:17,-08:00,2025-01-31T17:22:17-08:00,0,0
style.css,142,css,55446379,SY-42,2025-01-31,17:22:17,-08:00,2025-01-31T17:22:17-08:00,0,3
style.css,143,css,55446379,SY-42,2025-01-31,17:22:17,-08:00,2025-01-31T17:22:17-08:00,0,11
style.css,144,css,55446379,SY-42,2025-01-31,17:22:17,-08:00,2025-01-31T17:22:17-08:00,0,9
style.css,145,css,55446379,SY-42,2025-01-31,17:22:17,-08:00,2025-01-31T17:22:17-08:00,0,16
style.css,146,css,55446379,SY-42,2025-01-31,17:22:17,-08:00,2025-01-31T17:22:17-08:00,0,19
style.css,147,css,55446379,SY-42,2025-01-31,17:22:17,-08:00,2025-01-31T17:22:17-08:00,0,0
style.css,148,css,55446379,SY-42,2025-01-31,17:22:17,-08:00,2025-01-31T17:22:17-08:00,0,0
style.css,149,css,37240bc2,SY-42,2025-02-08,22:41:32,-08:00,2025-02-08T22:41:32-08:00,0,0
style.css,150,css,37240bc2,SY-42,2025-02-08,22:41:32,-08:00,2025-02-08T22:41:32-08:00,0,0
style.css,151,css,37240bc2,SY-42,2025-02-08,22:41:32,-08:00,2025-02-08T22:41:32-08:00,0,19
style.css,152,css,37240bc2,SY-42,2025-02-08,22:41:32,-08:00,2025-02-08T22:41:32-08:00,0,15
style.css,153,css,37240bc2,SY-42,2025-02-08,22:41:32,-08:00,2025-02-08T22:41:32-08:00,0,17
style.css,154,css,37240bc2,SY-42,2025-02-08,22:41:32,-08:00,2025-02-08T22:41:32-08:00,0,17
style.css,155,css,37240bc2,SY-42,2025-02-08,22:41:32,-08:00,2025-02-08T22:41:32-08:00,0,0
style.css,156,css,37240bc2,SY-42,2025-02-08,22:41:32,-08:00,2025-02-08T22:41:32-08:00,0,0
style.css,157,css,37240bc2,SY-42,2025-02-08,22:41:32,-08:00,2025-02-08T22:41:32-08:00,0,8
style.css,158,css,37240bc2,SY-42,2025-02-08,22:41:32,-08:00,2025-02-08T22:41:32-08:00,0,11
style.css,159,css,37240bc2,SY-42,2025-02-08,22:41:32,-08:00,2025-02-08T22:41:32-08:00,0,19
style.css,160,css,37240bc2,SY-42,2025-02-08,22:41:32,-08:00,2025-02-08T22:41:32-08:00,0,30
style.css,161,css,37240bc2,SY-42,2025-02-08,22:41:32,-08:00,2025-02-08T22:41:32-08:00,0,18
style.css,162,css,37240bc2,SY-42,2025-02-08,22:41:32,-08:00,2025-02-08T22:41:32-08:00,0,0
style.css,163,css,37240bc2,SY-42,2025-02-08,22:41:32,-08:00,2025-02-08T22:41:32-08:00,0,0
style.css,164,css,37240bc2,SY-42,2025-02-08,22:41:32,-08:00,2025-02-08T22:41:32-08:00,0,8
style.css,165,css,37240bc2,SY-42,2025-02-08,22:41:32,-08:00,2025-02-08T22:41:32-08:00,0,13
style.css,166,css,37240bc2,SY-42,2025-02-08,22:41:32,-08:00,2025-02-08T22:41:32-08:00,0,58
style.css,167,css,37240bc2,SY-42,2025-02-08,22:41:32,-08:00,2025-02-08T22:41:32-08:00,0,17
style.css,168,css,37240bc2,SY-42,2025-02-08,22:41:32,-08:00,2025-02-08T22:41:32-08:00,0,19
style.css,169,css,37240bc2,SY-42,2025-02-08,22:41:32,-08:00,2025-02-08T22:41:32-08:00,0,31
style.css,170,css,37240bc2,SY-42,2025-02-08,22:41:32,-08:00,2025-02-08T22:41:32-08:00,0,13
style.css,171,css,37240bc2,SY-42,2025-02-08,22:41:32,-08:00,2025-02-08T22:41:32-08:00,0,12
style.css,172,css,37240bc2,SY-42,2025-02-08,22:41:32,-08:00,2025-02-08T22:41:32-08:00,0,7
style.css,173,css,37240bc2,SY-42,2025-02-08,22:41:32,-08:00,2025-02-08T22:41:32-08:00,0,0
style.css,174,css,37240bc2,SY-42,2025-02-08,22:41:32,-08:00,2025-02-08T22:41:32-08:00,0,0
style.css,175,css,37240bc2,SY-42,2025-02-08,22:41:32,-08:00,2025-02-08T22:41:32-08:00,0,12
style.css,176,css,37240bc2,SY-42,2025-02-08,22:41:32,-08:00,2025-02-08T22:41:32-08:00,0,13
style.css,177,css,37240bc2,SY-42,2025-02-08,22:41:32,-08:00,2025-02-08T22:41:32-08:00,0,8
style.css,178,css,37240bc2,SY-42,2025-02-08,22:41:32,-08:00,2025-02-08T22:41:32-08:00,0,19
style.css,179,css,37240bc2,SY-42,2025-02-08,22:41:32,-08:00,2025-02-08T22:41:32-08:00,0,0
style.css,180,css,37240bc2,SY-42,2025-02-08,22:41:32,-08:00,2025-02-08T22:41:32-08:00,0,0
style.css,181,css,37240bc2,SY-42,2025-02-08,22:41:32,-08:00,2025-02-08T22:41:32-08:00,0,11
style.css,182,css,37240bc2,SY-42,2025-02-08,22:41:32,-08:00,2025-02-08T22:41:32-08:00,0,13
style.css,183,css,37240bc2,SY-42,2025-02-08,22:41:32,-08:00,2025-02-08T22:41:32-08:00,0,19
style.css,184,css,37240bc2,SY-42,2025-02-08,22:41:32,-08:00,2025-02-08T22:41:32-08:00,0,9
style.css,185,css,37240bc2,SY-42,2025-02-08,22:41:32,-08:00,2025-02-08T22:41:32-08:00,0,12
style.css,186,css,37240bc2,SY-42,2025-02-08,22:41:32,-08:00,2025-02-08T22:41:32-08:00,0,0
style.css,187,css,37240bc2,SY-42,2025-02-08,22:41:32,-08:00,2025-02-08T22:41:32-08:00,0,0
style.css,188,css,37240bc2,SY-42,2025-02-08,22:41:32,-08:00,2025-02-08T22:41:32-08:00,0,18
style.css,189,css,37240bc2,SY-42,2025-02-08,22:41:32,-08:00,2025-02-08T22:41:32-08:00,0,17
style.css,190,css,37240bc2,SY-42,2025-02-08,22:41:32,-08:00,2025-02-08T22:41:32-08:00,0,12
style.css,191,css,37240bc2,SY-42,2025-02-08,22:41:32,-08:00,2025-02-08T22:41:32-08:00,0,0
style.css,192,css,37240bc2,SY-42,2025-02-08,22:41:32,-08:00,2025-02-08T22:41:32-08:00,0,0
style.css,193,css,37240bc2,SY-42,2025-02-08,22:41:32,-08:00,2025-02-08T22:41:32-08:00,0,0
style.css,194,css,37240bc2,SY-42,2025-02-08,22:41:32,-08:00,2025-02-08T22:41:32-08:00,0,5
style.css,195,css,37240bc2,SY-42,2025-02-08,22:41:32,-08:00,2025-02-08T22:41:32-08:00,0,15
style.css,196,css,37240bc2,SY-42,2025-02-08,22:41:32,-08:00,2025-02-08T22:41:32-08:00,0,17
style.css,197,css,37240bc2,SY-42,2025-02-08,22:41:32,-08:00,2025-02-08T22:41:32-08:00,0,0
style.css,198,css,37240bc2,SY-42,2025-02-08,22:41:32,-08:00,2025-02-08T22:41:32-08:00,0,0
style.css,199,css,37240bc2,SY-42,2025-02-08,22:41:32,-08:00,2025-02-08T22:41:32-08:00,0,10
style.css,200,css,37240bc2,SY-42,2025-02-08,22:41:32,-08:00,2025-02-08T22:41:32-08:00,0,36
style.css,201,css,37240bc2,SY-42,2025-02-08,22:41:32,-08:00,2025-02-08T22:41:32-08:00,0,0
style.css,202,css,37240bc2,SY-42,2025-02-08,22:41:32,-08:00,2025-02-08T22:41:32-08:00,0,11
style.css,203,css,37240bc2,SY-42,2025-02-08,22:41:32,-08:00,2025-02-08T22:41:32-08:00,0,18
style.css,204,css,37240bc2,SY-42,2025-02-08,22:41:32,-08:00,2025-02-08T22:41:32-08:00,0,0
style.css,205,css,37240bc2,SY-42,2025-02-08,22:41:32,-08:00,2025-02-08T22:41:32-08:00,0,0
style.css,206,css,4cb63946,SY-42,2025-02-14,23:20:24,-08:00,2025-02-14T23:20:24-08:00,0,0
style.css,207,css,4cb63946,SY-42,2025-02-14,23:20:24,-08:00,2025-02-14T23:20:24-08:00,0,31
style.css,208,css,4cb63946,SY-42,2025-02-14,23:20:24,-08:00,2025-02-14T23:20:24-08:00,0,9
style.css,209,css,4cb63946,SY-42,2025-02-14,23:20:24,-08:00,2025-02-14T23:20:24-08:00,0,13
style.css,210,css,4cb63946,SY-42,2025-02-14,23:20:24,-08:00,2025-02-14T23:20:24-08:00,0,18
style.css,211,css,4cb63946,SY-42,2025-02-14,23:20:24,-08:00,2025-02-14T23:20:24-08:00,0,3
style.css,212,css,4cb63946,SY-42,2025-02-14,23:20:24,-08:00,2025-02-14T23:20:24-08:00,0,13
style.css,213,css,4cb63946,SY-42,2025-02-14,23:20:24,-08:00,2025-02-14T23:20:24-08:00,0,11
style.css,214,css,4cb63946,SY-42,2025-02-14,23:20:24,-08:00,2025-02-14T23:20:24-08:00,0,31
style.css,215,css,4cb63946,SY-42,2025-02-14,23:20:24,-08:00,2025-02-14T23:20:24-08:00,0,0
style.css,216,css,4cb63946,SY-42,2025-02-14,23:20:24,-08:00,2025-02-14T23:20:24-08:00,0,3
style.css,217,css,4cb63946,SY-42,2025-02-14,23:20:24,-08:00,2025-02-14T23:20:24-08:00,0,11
style.css,218,css,4cb63946,SY-42,2025-02-14,23:20:24,-08:00,2025-02-14T23:20:24-08:00,0,19
style.css,219,css,4cb63946,SY-42,2025-02-14,23:20:24,-08:00,2025-02-14T23:20:24-08:00,0,14
style.css,220,css,4cb63946,SY-42,2025-02-14,23:20:24,-08:00,2025-02-14T23:20:24-08:00,0,9
style.css,221,css,4cb63946,SY-42,2025-02-14,23:20:24,-08:00,2025-02-14T23:20:24-08:00,0,16
style.css,222,css,4cb63946,SY-42,2025-02-14,23:20:24,-08:00,2025-02-14T23:20:24-08:00,0,16
style.css,223,css,4cb63946,SY-42,2025-02-14,23:20:24,-08:00,2025-02-14T23:20:24-08:00,0,0
style.css,224,css,4cb63946,SY-42,2025-02-14,23:20:24,-08:00,2025-02-14T23:20:24-08:00,0,0
style.css,225,css,4cb63946,SY-42,2025-02-14,23:20:24,-08:00,2025-02-14T23:20:24-08:00,0,0
style.css,226,css,4cb63946,SY-42,2025-02-14,23:20:24,-08:00,2025-02-14T23:20:24-08:00,0,9
style.css,227,css,4cb63946,SY-42,2025-02-14,23:20:24,-08:00,2025-02-14T23:20:24-08:00,0,15
style.css,228,css,4cb63946,SY-42,2025-02-14,23:20:24,-08:00,2025-02-14T23:20:24-08:00,0,8
style.css,229,css,4cb63946,SY-42,2025-02-14,23:20:24,-08:00,2025-02-14T23:20:24-08:00,0,9
style.css,230,css,4cb63946,SY-42,2025-02-14,23:20:24,-08:00,2025-02-14T23:20:24-08:00,0,42
style.css,231,css,4cb63946,SY-42,2025-02-14,23:20:24,-08:00,2025-02-14T23:20:24-08:00,0,49
style.css,232,css,4cb63946,SY-42,2025-02-14,23:20:24,-08:00,2025-02-14T23:20:24-08:00,0,18
style.css,233,css,4cb63946,SY-42,2025-02-14,23:20:24,-08:00,2025-02-14T23:20:24-08:00,0,28
style.css,234,css,4cb63946,SY-42,2025-02-14,23:20:24,-08:00,2025-02-14T23:20:24-08:00,0,13
style.css,235,css,4cb63946,SY-42,2025-02-14,23:20:24,-08:00,2025-02-14T23:20:24-08:00,0,0
style.css,236,css,4cb63946,SY-42,2025-02-14,23:20:24,-08:00,2025-02-14T23:20:24-08:00,0,0
style.css,237,css,4cb63946,SY-42,2025-02-14,23:20:24,-08:00,2025-02-14T23:20:24-08:00,0,7
style.css,238,css,4cb63946,SY-42,2025-02-14,23:20:24,-08:00,2025-02-14T23:20:24-08:00,0,17
style.css,239,css,4cb63946,SY-42,2025-02-14,23:20:24,-08:00,2025-02-14T23:20:24-08:00,0,24
style.css,240,css,4cb63946,SY-42,2025-02-14,23:20:24,-08:00,2025-02-14T23:20:24-08:00,0,23
style.css,241,css,4cb63946,SY-42,2025-02-14,23:20:24,-08:00,2025-02-14T23:20:24-08:00,0,0
style.css,242,css,4cb63946,SY-42,2025-02-14,23:20:24,-08:00,2025-02-14T23:20:24-08:00,0,0
style.css,243,css,4cb63946,SY-42,2025-02-14,23:20:24,-08:00,2025-02-14T23:20:24-08:00,0,13
style.css,244,css,4cb63946,SY-42,2025-02-14,23:20:24,-08:00,2025-02-14T23:20:24-08:00,0,21
style.css,245,css,4cb63946,SY-42,2025-02-14,23:20:24,-08:00,2025-02-14T23:20:24-08:00,0,0
style.css,246,css,4cb63946,SY-42,2025-02-14,23:20:24,-08:00,2025-02-14T23:20:24-08:00,0,0
style.css,247,css,4cb63946,SY-42,2025-02-14,23:20:24,-08:00,2025-02-14T23:20:24-08:00,0,8
style.css,248,css,4cb63946,SY-42,2025-02-14,23:20:24,-08:00,2025-02-14T23:20:24-08:00,0,25
style.css,249,css,4cb63946,SY-42,2025-02-14,23:20:24,-08:00,2025-02-14T23:20:24-08:00,0,26
style.css,250,css,4cb63946,SY-42,2025-02-14,23:20:24,-08:00,2025-02-14T23:20:24-08:00,0,40
style.css,251,css,4cb63946,SY-42,2025-02-14,23:20:24,-08:00,2025-02-14T23:20:24-08:00,0,0
style.css,252,css,4cb63946,SY-42,2025-02-14,23:20:24,-08:00,2025-02-14T23:20:24-08:00,0,0
style.css,253,css,4cb63946,SY-42,2025-02-14,23:20:24,-08:00,2025-02-14T23:20:24-08:00,0,43
style.css,254,css,4cb63946,SY-42,2025-02-14,23:20:24,-08:00,2025-02-14T23:20:24-08:00,0,10
style.css,255,css,4cb63946,SY-42,2025-02-14,23:20:24,-08:00,2025-02-14T23:20:24-08:00,0,18
style.css,256,css,4cb63946,SY-42,2025-02-14,23:20:24,-08:00,2025-02-14T23:20:24-08:00,0,0
style.css,257,css,4cb63946,SY-42,2025-02-14,23:20:24,-08:00,2025-02-14T23:20:24-08:00,0,0
style.css,258,css,4cb63946,SY-42,2025-02-14,23:20:24,-08:00,2025-02-14T23:20:24-08:00,0,25
style.css,259,css,4cb63946,SY-42,2025-02-14,23:20:24,-08:00,2025-02-14T23:20:24-08:00,0,3
style.css,260,css,4cb63946,SY-42,2025-02-14,23:20:24,-08:00,2025-02-14T23:20:24-08:00,0,33
style.css,261,css,4cb63946,SY-42,2025-02-14,23:20:24,-08:00,2025-02-14T23:20:24-08:00,0,0
style.css,262,css,4cb63946,SY-42,2025-02-14,23:20:24,-08:00,2025-02-14T23:20:24-08:00,0,0
style.css,263,css,4cb63946,SY-42,2025-02-14,23:20:24,-08:00,2025-02-14T23:20:24-08:00,0,0
style.css,264,css,4cb63946,SY-42,2025-02-14,23:20:24,-08:00,2025-02-14T23:20:24-08:00,0,11
style.css,265,css,4cb63946,SY-42,2025-02-14,23:20:24,-08:00,2025-02-14T23:20:24-08:00,0,17
style.css,266,css,4cb63946,SY-42,2025-02-14,23:20:24,-08:00,2025-02-14T23:20:24-08:00,0,13
style.css,267,css,4cb63946,SY-42,2025-02-14,23:20:24,-08:00,2025-02-14T23:20:24-08:00,0,19
style.css,268,css,4cb63946,SY-42,2025-02-14,23:20:24,-08:00,2025-02-14T23:20:24-08:00,0,21
style.css,269,css,4cb63946,SY-42,2025-02-14,23:20:24,-08:00,2025-02-14T23:20:24-08:00,0,43
style.css,270,css,4cb63946,SY-42,2025-02-14,23:20:24,-08:00,2025-02-14T23:20:24-08:00,0,0
index.js,1,js,55446379,SY-42,2025-01-31,17:22:17,-08:00,2025-01-31T17:22:17-08:00,0,71
index.js,2,js,55446379,SY-42,2025-01-31,17:22:17,-08:00,2025-01-31T17:22:17-08:00,0,0
index.js,3,js,55446379,SY-42,2025-01-31,17:22:17,-08:00,2025-01-31T17:22:17-08:00,0,55
index.js,4,js,55446379,SY-42,2025-01-31,17:22:17,-08:00,2025-01-31T17:22:17-08:00,0,43
index.js,5,js,55446379,SY-42,2025-01-31,17:22:17,-08:00,2025-01-31T17:22:17-08:00,0,0
index.js,6,js,55446379,SY-42,2025-01-31,17:22:17,-08:00,2025-01-31T17:22:17-08:00,0,61
index.js,7,js,55446379,SY-42,2025-01-31,17:22:17,-08:00,2025-01-31T17:22:17-08:00,0,55
index.js,8,js,55446379,SY-42,2025-01-31,17:22:17,-08:00,2025-01-31T17:22:17-08:00,0,0
index.js,9,js,7f54b605,SY-42,2025-01-31,17:30:13,-08:00,2025-01-31T17:30:13-08:00,0,49
index.js,10,js,55446379,SY-42,2025-01-31,17:22:17,-08:00,2025-01-31T17:22:17-08:00,0,0
index.js,11,js,55446379,SY-42,2025-01-31,17:22:17,-08:00,2025-01-31T17:22:17-08:00,0,61
index.js,12,js,55446379,SY-42,2025-01-31,17:22:17,-08:00,2025-01-31T17:22:17-08:00,0,18
index.js,13,js,55446379,SY-42,2025-01-31,17:22:17,-08:00,2025-01-31T17:22:17-08:00,0,25
index.js,14,js,55446379,SY-42,2025-01-31,17:22:17,-08:00,2025-01-31T17:22:17-08:00,0,3
index.js,15,js,55446379,SY-42,2025-01-31,17:22:17,-08:00,2025-01-31T17:22:17-08:00,0,55
index.js,16,js,55446379,SY-42,2025-01-31,17:22:17,-08:00,2025-01-31T17:22:17-08:00,0,55
index.js,17,js,55446379,SY-42,2025-01-31,17:22:17,-08:00,2025-01-31T17:22:17-08:00,0,49
index.js,18,js,55446379,SY-42,2025-01-31,17:22:17,-08:00,2025-01-31T17:22:17-08:00,0,49
index.js,19,js,55446379,SY-42,2025-01-31,17:22:17,-08:00,2025-01-31T17:22:17-08:00,0,4
index.js,20,js,55446379,SY-42,2025-01-31,17:22:17,-08:00,2025-01-31T17:22:17-08:00,0,1
index.js,21,js,55446379,SY-42,2025-01-31,17:22:17,-08:00,2025-01-31T17:22:17-08:00,0,0
index.js,22,js,55446379,SY-42,2025-01-31,17:22:17,-08:00,2025-01-31T17:22:17-08:00,0,0
index.html,1,html,a35a3468,SY-42,2025-01-10,20:42:51,-08:00,2025-01-10T20:42:51-08:00,0,14
index.html,2,html,51b57f0f,SY-42,2025-01-25,23:00:03,-08:00,2025-01-25T23:00:03-08:00,0,28
index.html,3,html,27d90ddc,SY-42,2025-01-18,22:44:15,-08:00,2025-01-18T22:44:15-08:00,0,5
index.html,4,html,27d90ddc,SY-42,2025-01-18,22:44:15,-08:00,2025-01-18T22:44:15-08:00,0,21
index.html,5,html,27d90ddc,SY-42,2025-01-18,22:44:15,-08:00,2025-01-18T22:44:15-08:00,0,55
index.html,6,html,b96a2137,SY-42,2025-01-25,22:39:29,-08:00,2025-01-25T22:39:29-08:00,0,46
index.html,7,html,55446379,SY-42,2025-01-31,17:22:17,-08:00,2025-01-31T17:22:17-08:00,0,51
index.html,8,html,27d90ddc,SY-42,2025-01-18,22:44:15,-08:00,2025-01-18T22:44:15-08:00,0,69
index.html,9,html,27d90ddc,SY-42,2025-01-18,22:44:15,-08:00,2025-01-18T22:44:15-08:00,0,46
index.html,10,html,27d90ddc,SY-42,2025-01-18,22:44:15,-08:00,2025-01-18T22:44:15-08:00,0,6
index.html,11,html,27d90ddc,SY-42,2025-01-18,22:44:15,-08:00,2025-01-18T22:44:15-08:00,0,5
index.html,12,html,b96a2137,SY-42,2025-01-25,22:39:29,-08:00,2025-01-25T22:39:29-08:00,0,9
index.html,13,html,b96a2137,SY-42,2025-01-25,22:39:29,-08:00,2025-01-25T22:39:29-08:00,0,46
index.html,14,html,b96a2137,SY-42,2025-01-25,22:39:29,-08:00,2025-01-25T22:39:29-08:00,0,57
index.html,15,html,b96a2137,SY-42,2025-01-25,22:39:29,-08:00,2025-01-25T22:39:29-08:00,0,59
index.html,16,html,b96a2137,SY-42,2025-01-25,22:39:29,-08:00,2025-01-25T22:39:29-08:00,0,55
index.html,17,html,b96a2137,SY-42,2025-01-25,22:39:29,-08:00,2025-01-25T22:39:29-08:00,0,9
index.html,18,html,27d90ddc,SY-42,2025-01-18,22:44:15,-08:00,2025-01-18T22:44:15-08:00,0,3
index.html,19,html,27d90ddc,SY-42,2025-01-18,22:44:15,-08:00,2025-01-18T22:44:15-08:00,0,3
index.html,20,html,27d90ddc,SY-42,2025-01-18,22:44:15,-08:00,2025-01-18T22:44:15-08:00,0,4
index.html,21,html,27d90ddc,SY-42,2025-01-18,22:44:15,-08:00,2025-01-18T22:44:15-08:00,0,2
index.html,22,html,27d90ddc,SY-42,2025-01-18,22:44:15,-08:00,2025-01-18T22:44:15-08:00,0,36
index.html,23,html,27d90ddc,SY-42,2025-01-18,22:44:15,-08:00,2025-01-18T22:44:15-08:00,0,3
index.html,24,html,27d90ddc,SY-42,2025-01-18,22:44:15,-08:00,2025-01-18T22:44:15-08:00,0,2
index.html,25,html,27d90ddc,SY-42,2025-01-18,22:44:15,-08:00,2025-01-18T22:44:15-08:00,0,198
index.html,26,html,27d90ddc,SY-42,2025-01-18,22:44:15,-08:00,2025-01-18T22:44:15-08:00,0,3
index.html,27,html,27d90ddc,SY-42,2025-01-18,22:44:15,-08:00,2025-01-18T22:44:15-08:00,0,2
index.html,28,html,27d90ddc,SY-42,2025-01-18,22:44:15,-08:00,2025-01-18T22:44:15-08:00,0,211
index.html,29,html,27d90ddc,SY-42,2025-01-18,22:44:15,-08:00,2025-01-18T22:44:15-08:00,0,3
index.html,30,html,27d90ddc,SY-42,2025-01-18,22:44:15,-08:00,2025-01-18T22:44:15-08:00,0,105
index.html,31,html,27d90ddc,SY-42,2025-01-18,22:44:15,-08:00,2025-01-18T22:44:15-08:00,0,0
index.html,32,html,55446379,SY-42,2025-01-31,17:22:17,-08:00,2025-01-31T17:22:17-08:00,0,23
index.html,33,html,55446379,SY-42,2025-01-31,17:22:17,-08:00,2025-01-31T17:22:17-08:00,0,21
index.html,34,html,55446379,SY-42,2025-01-31,17:22:17,-08:00,2025-01-31T17:22:17-08:00,0,50
index.html,35,html,55446379,SY-42,2025-01-31,17:22:17,-08:00,2025-01-31T17:22:17-08:00,0,5
index.html,36,html,55446379,SY-42,2025-01-31,17:22:17,-08:00,2025-01-31T17:22:17-08:00,0,23
index.html,37,html,55446379,SY-42,2025-01-31,17:22:17,-08:00,2025-01-31T17:22:17-08:00,0,0
index.html,38,html,55446379,SY-42,2025-01-31,17:22:17,-08:00,2025-01-31T17:22:17-08:00,0,5
index.html,39,html,55446379,SY-42,2025-01-31,17:22:17,-08:00,2025-01-31T17:22:17-08:00,0,0
index.html,40,html,27d90ddc,SY-42,2025-01-18,22:44:15,-08:00,2025-01-18T22:44:15-08:00,0,6
index.html,41,html,b16625cc,SY-42,2025-01-10,22:49:55,-08:00,2025-01-10T22:49:55-08:00,0,6
global.js,1,js,b96a2137,SY-42,2025-01-25,22:39:29,-08:00,2025-01-25T22:39:29-08:00,0,26
global.js,2,js,b96a2137,SY-42,2025-01-25,22:39:29,-08:00,2025-01-25T22:39:29-08:00,0,0
global.js,3,js,b96a2137,SY-42,2025-01-25,22:39:29,-08:00,2025-01-25T22:39:29-08:00,0,42
global.js,4,js,b96a2137,SY-42,2025-01-25,22:39:29,-08:00,2025-01-25T22:39:29-08:00,0,53
global.js,5,js,b96a2137,SY-42,2025-01-25,22:39:29,-08:00,2025-01-25T22:39:29-08:00,0,0
global.js,6,js,b96a2137,SY-42,2025-01-25,22:39:29,-08:00,2025-01-25T22:39:29-08:00,0,0
global.js,7,js,b96a2137,SY-42,2025-01-25,22:39:29,-08:00,2025-01-25T22:39:29-08:00,0,28
global.js,8,js,b96a2137,SY-42,2025-01-25,22:39:29,-08:00,2025-01-25T22:39:29-08:00,0,34
global.js,9,js,b96a2137,SY-42,2025-01-25,22:39:29,-08:00,2025-01-25T22:39:29-08:00,0,73
global.js,10,js,b96a2137,SY-42,2025-01-25,22:39:29,-08:00,2025-01-25T22:39:29-08:00,0,4
global.js,11,js,b96a2137,SY-42,2025-01-25,22:39:29,-08:00,2025-01-25T22:39:29-08:00,0,40
global.js,12,js,b96a2137,SY-42,2025-01-25,22:39:29,-08:00,2025-01-25T22:39:29-08:00,0,0
global.js,13,js,b96a2137,SY-42,2025-01-25,22:39:29,-08:00,2025-01-25T22:39:29-08:00,0,71
global.js,14,js,b96a2137,SY-42,2025-01-25,22:39:29,-08:00,2025-01-25T22:39:29-08:00,0,0
global.js,15,js,b96a2137,SY-42,2025-01-25,22:39:29,-08:00,2025-01-25T22:39:29-08:00,0,12
global.js,16,js,474d76d5,SY-42,2025-01-25,23:01:53,-08:00,2025-01-25T23:01:53-08:00,0,26
global.js,17,js,474d76d5,SY-42,2025-01-25,23:01:53,-08:00,2025-01-25T23:01:53-08:00,0,39
global.js,18,js,474d76d5,SY-42,2025-01-25,23:01:53,-08:00,2025-01-25T23:01:53-08:00,0,36
global.js,19,js,474d76d5,SY-42,2025-01-25,23:01:53,-08:00,2025-01-25T23:01:53-08:00,0,34
global.js,20,js,a5f3d7bc,SY-42,2025-02-14,20:43:57,-08:00,2025-02-14T20:43:57-08:00,0,30
global.js,21,js,b96a2137,SY-42,2025-01-25,22:39:29,-08:00,2025-01-25T22:39:29-08:00,0,50
global.js,22,js,b96a2137,SY-42,2025-01-25,22:39:29,-08:00,2025-01-25T22:39:29-08:00,0,1
global.js,23,js,b96a2137,SY-42,2025-01-25,22:39:29,-08:00,2025-01-25T22:39:29-08:00,0,0
global.js,24,js,b96a2137,SY-42,2025-01-25,22:39:29,-08:00,2025-01-25T22:39:29-08:00,0,39
global.js,25,js,b96a2137,SY-42,2025-01-25,22:39:29,-08:00,2025-01-25T22:39:29-08:00,0,26
global.js,26,js,b96a2137,SY-42,2025-01-25,22:39:29,-08:00,2025-01-25T22:39:29-08:00,0,0
global.js,27,js,b96a2137,SY-42,2025-01-25,22:39:29,-08:00,2025-01-25T22:39:29-08:00,0,21
global.js,28,js,b96a2137,SY-42,2025-01-25,22:39:29,-08:00,2025-01-25T22:39:29-08:00,0,15
global.js,29,js,e588a31c,SY-42,2025-01-25,23:06:39,-08:00,2025-01-25T23:06:39-08:00,0,65
global.js,30,js,b96a2137,SY-42,2025-01-25,22:39:29,-08:00,2025-01-25T22:39:29-08:00,0,19
global.js,31,js,b96a2137,SY-42,2025-01-25,22:39:29,-08:00,2025-01-25T22:39:29-08:00,0,35
global.js,32,js,b96a2137,SY-42,2025-01-25,22:39:29,-08:00,2025-01-25T22:39:29-08:00,0,12
global.js,33,js,b96a2137,SY-42,2025-01-25,22:39:29,-08:00,2025-01-25T22:39:29-08:00,0,21
global.js,34,js,b96a2137,SY-42,2025-01-25,22:39:29,-08:00,2025-01-25T22:39:29-08:00,0,18
global.js,35,js,b96a2137,SY-42,2025-01-25,22:39:29,-08:00,2025-01-25T22:39:29-08:00,0,9
global.js,36,js,b96a2137,SY-42,2025-01-25,22:39:29,-08:00,2025-01-25T22:39:29-08:00,0,59
global.js,37,js,b96a2137,SY-42,2025-01-25,22:39:29,-08:00,2025-01-25T22:39:29-08:00,0,1
global.js,38,js,b96a2137,SY-42,2025-01-25,22:39:29,-08:00,2025-01-25T22:39:29-08:00,0,27
global.js,39,js,b96a2137,SY-42,2025-01-25,22:39:29,-08:00,2025-01-25T22:39:29-08:00,0,18
global.js,40,js,b96a2137,SY-42,2025-01-25,22:39:29,-08:00,2025-01-25T22:39:29-08:00,0,0
global.js,41,js,b96a2137,SY-42,2025-01-25,22:39:29,-08:00,2025-01-25T22:39:29-08:00,0,13
global.js,42,js,b96a2137,SY-42,2025-01-25,22:39:29,-08:00,2025-01-25T22:39:29-08:00,0,0
global.js,43,js,b96a2137,SY-42,2025-01-25,22:39:29,-08:00,2025-01-25T22:39:29-08:00,0,0
global.js,44,js,b96a2137,SY-42,2025-01-25,22:39:29,-08:00,2025-01-25T22:39:29-08:00,0,0
global.js,45,js,b96a2137,SY-42,2025-01-25,22:39:29,-08:00,2025-01-25T22:39:29-08:00,0,32
global.js,46,js,b96a2137,SY-42,2025-01-25,22:39:29,-08:00,2025-01-25T22:39:29-08:00,0,12
global.js,47,js,b96a2137,SY-42,2025-01-25,22:39:29,-08:00,2025-01-25T22:39:29-08:00,0,0
global.js,48,js,b96a2137,SY-42,2025-01-25,22:39:29,-08:00,2025-01-25T22:39:29-08:00,1,27
global.js,49,js,b96a2137,SY-42,2025-01-25,22:39:29,-08:00,2025-01-25T22:39:29-08:00,2,5
global.js,50,js,b96a2137,SY-42,2025-01-25,22:39:29,-08:00,2025-01-25T22:39:29-08:00,2,7
global.js,51,js,b96a2137,SY-42,2025-01-25,22:39:29,-08:00,2025-01-25T22:39:29-08:00,0,44
global.js,52,js,b96a2137,SY-42,2025-01-25,22:39:29,-08:00,2025-01-25T22:39:29-08:00,3,35
global.js,53,js,b96a2137,SY-42,2025-01-25,22:39:29,-08:00,2025-01-25T22:39:29-08:00,0,33
global.js,54,js,b96a2137,SY-42,2025-01-25,22:39:29,-08:00,2025-01-25T22:39:29-08:00,2,8
global.js,55,js,b96a2137,SY-42,2025-01-25,22:39:29,-08:00,2025-01-25T22:39:29-08:00,1,8
global.js,56,js,b96a2137,SY-42,2025-01-25,22:39:29,-08:00,2025-01-25T22:39:29-08:00,0,1
global.js,57,js,b96a2137,SY-42,2025-01-25,22:39:29,-08:00,2025-01-25T22:39:29-08:00,0,0
global.js,58,js,b96a2137,SY-42,2025-01-25,22:39:29,-08:00,2025-01-25T22:39:29-08:00,0,34
global.js,59,js,b96a2137,SY-42,2025-01-25,22:39:29,-08:00,2025-01-25T22:39:29-08:00,0,71
global.js,60,js,b96a2137,SY-42,2025-01-25,22:39:29,-08:00,2025-01-25T22:39:29-08:00,0,0
global.js,61,js,b96a2137,SY-42,2025-01-25,22:39:29,-08:00,2025-01-25T22:39:29-08:00,0,0
global.js,62,js,b96a2137,SY-42,2025-01-25,22:39:29,-08:00,2025-01-25T22:39:29-08:00,0,47
global.js,63,js,b96a2137,SY-42,2025-01-25,22:39:29,-08:00,2025-01-25T22:39:29-08:00,0,0
global.js,64,js,b96a2137,SY-42,2025-01-25,22:39:29,-08:00,2025-01-25T22:39:29-08:00,0,50
global.js,65,js,b96a2137,SY-42,2025-01-25,22:39:29,-08:00,2025-01-25T22:39:29-08:00,0,58
global.js,66,js,b96a2137,SY-42,2025-01-25,22:39:29,-08:00,2025-01-25T22:39:29-08:00,0,28
global.js,67,js,b96a2137,SY-42,2025-01-25,22:39:29,-08:00,2025-01-25T22:39:29-08:00,0,45
global.js,68,js,b96a2137,SY-42,2025-01-25,22:39:29,-08:00,2025-01-25T22:39:29-08:00,0,2
global.js,69,js,b96a2137,SY-42,2025-01-25,22:39:29,-08:00,2025-01-25T22:39:29-08:00,0,0
global.js,70,js,b96a2137,SY-42,2025-01-25,22:39:29,-08:00,2025-01-25T22:39:29-08:00,0,33
global.js,71,js,b96a2137,SY-42,2025-01-25,22:39:29,-08:00,2025-01-25T22:39:29-08:00,0,34
global.js,72,js,b96a2137,SY-42,2025-01-25,22:39:29,-08:00,2025-01-25T22:39:29-08:00,0,39
global.js,73,js,55446379,SY-42,2025-01-31,17:22:17,-08:00,2025-01-31T17:22:17-08:00,0,0
global.js,74,js,55446379,SY-42,2025-01-31,17:22:17,-08:00,2025-01-31T17:22:17-08:00,0,0
global.js,75,js,55446379,SY-42,2025-01-31,17:22:17,-08:00,2025-01-31T17:22:17-08:00,0,37
global.js,76,js,55446379,SY-42,2025-01-31,17:22:17,-08:00,2025-01-31T17:22:17-08:00,0,4
global.js,77,js,55446379,SY-42,2025-01-31,17:22:17,-08:00,2025-01-31T17:22:17-08:00,0,40
global.js,78,js,55446379,SY-42,2025-01-31,17:22:17,-08:00,2025-01-31T17:22:17-08:00,0,33
global.js,79,js,55446379,SY-42,2025-01-31,17:22:17,-08:00,2025-01-31T17:22:17-08:00,0,18
global.js,80,js,55446379,SY-42,2025-01-31,17:22:17,-08:00,2025-01-31T17:22:17-08:00,0,67
global.js,81,js,55446379,SY-42,2025-01-31,17:22:17,-08:00,2025-01-31T17:22:17-08:00,0,0
global.js,82,js,55446379,SY-42,2025-01-31,17:22:17,-08:00,2025-01-31T17:22:17-08:00,0,34
global.js,83,js,55446379,SY-42,2025-01-31,17:22:17,-08:00,2025-01-31T17:22:17-08:00,0,11
global.js,84,js,55446379,SY-42,2025-01-31,17:22:17,-08:00,2025-01-31T17:22:17-08:00,0,0
global.js,85,js,55446379,SY-42,2025-01-31,17:22:17,-08:00,2025-01-31T17:22:17-08:00,0,16
global.js,86,js,55446379,SY-42,2025-01-31,17:22:17,-08:00,2025-01-31T17:22:17-08:00,0,60
global.js,87,js,55446379,SY-42,2025-01-31,17:22:17,-08:00,2025-01-31T17:22:17-08:00,0,0
global.js,88,js,55446379,SY-42,2025-01-31,17:22:17,-08:00,2025-01-31T17:22:17-08:00,0,0
global.js,89,js,55446379,SY-42,2025-01-31,17:22:17,-08:00,2025-01-31T17:22:17-08:00,0,0
global.js,90,js,55446379,SY-42,2025-01-31,17:22:17,-08:00,2025-01-31T17:22:17-08:00,0,80
global.js,91,js,55446379,SY-42,2025-01-31,17:22:17,-08:00,2025-01-31T17:22:17-08:00,0,31
global.js,92,js,55446379,SY-42,2025-01-31,17:22:17,-08:00,2025-01-31T17:22:17-08:00,0,28
global.js,93,js,55446379,SY-42,2025-01-31,17:22:17,-08:00,2025-01-31T17:22:17-08:00,0,49
global.js,94,js,55446379,SY-42,2025-01-31,17:22:17,-08:00,2025-01-31T17:22:17-08:00,0,20
global.js,95,js,55446379,SY-42,2025-01-31,17:22:17,-08:00,2025-01-31T17:22:17-08:00,0,50
global.js,96,js,55446379,SY-42,2025-01-31,17:22:17,-08:00,2025-01-31T17:22:17-08:00,0,50
global.js,97,js,37240bc2,SY-42,2025-02-08,22:41:32,-08:00,2025-02-08T22:41:32-08:00,0,4
global.js,98,js,37240bc2,SY-42,2025-02-08,22:41:32,-08:00,2025-02-08T22:41:32-08:00,0,28
global.js,99,js,37240bc2,SY-42,2025-02-08,22:41:32,-08:00,2025-02-08T22:41:32-08:00,0,45
global.js,100,js,37240bc2,SY-42,2025-02-08,22:41:32,-08:00,2025-02-08T22:41:32-08:00,0,5
global.js,101,js,37240bc2,SY-42,2025-02-08,22:41:32,-08:00,2025-02-08T22:41:32-08:00,0,0
global.js,102,js,55446379,SY-42,2025-01-31,17:22:17,-08:00,2025-01-31T17:22:17-08:00,0,1
global.js,103,js,55446379,SY-42,2025-01-31,17:22:17,-08:00,2025-01-31T17:22:17-08:00,0,37
global.js,104,js,55446379,SY-42,2025-01-31,17:22:17,-08:00,2025-01-31T17:22:17-08:00,0,1
global.js,105,js,55446379,SY-42,2025-01-31,17:22:17,-08:00,2025-01-31T17:22:17-08:00,0,0
global.js,106,js,55446379,SY-42,2025-01-31,17:22:17,-08:00,2025-01-31T17:22:17-08:00,0,0
global.js,107,js,55446379,SY-42,2025-01-31,17:22:17,-08:00,2025-01-31T17:22:17-08:00,0,0
global.js,108,js,55446379,SY-42,2025-01-31,17:22:17,-08:00,2025-01-31T17:22:17-08:00,0,48
global.js,109,js,55446379,SY-42,2025-01-31,17:22:17,-08:00,2025-01-31T17:22:17-08:00,0,60
global.js,110,js,55446379,SY-42,2025-01-31,17:22:17,-08:00,2025-01-31T17:22:17-08:00,0,0
global.js,111,js,55446379,SY-42,2025-01-31,17:22:17,-08:00,2025-01-31T17:22:17-08:00,0,0
resume/index.html,1,html,ca7cfd8c,SY-42,2025-01-10,22:40:31,-08:00,2025-01-10T22:40:31-08:00,0,14
resume/index.html,2,html,ca7cfd8c,SY-42,2025-01-10,22:40:31,-08:00,2025-01-10T22:40:31-08:00,0,15
resume/index.html,3,html,ca7cfd8c,SY-42,2025-01-10,22:40:31,-08:00,2025-01-10T22:40:31-08:00,0,5
resume/index.html,4,html,ca7cfd8c,SY-42,2025-01-10,22:40:31,-08:00,2025-01-10T22:40:31-08:00,0,21
resume/index.html,5,html,27d90ddc,SY-42,2025-01-18,22:44:15,-08:00,2025-01-18T22:44:15-08:00,0,58
resume/index.html,6,html,b96a2137,SY-42,2025-01-25,22:39:29,-08:00,2025-01-25T22:39:29-08:00,0,49
resume/index.html,7,html,ca7cfd8c,SY-42,2025-01-10,22:40:31,-08:00,2025-01-10T22:40:31-08:00,0,69
resume/index.html,8,html,ca7cfd8c,SY-42,2025-01-10,22:40:31,-08:00,2025-01-10T22:40:31-08:00,0,20
resume/index.html,9,html,ca7cfd8c,SY-42,2025-01-10,22:40:31,-08:00,2025-01-10T22:40:31-08:00,0,6
resume/index.html,10,html,ca7cfd8c,SY-42,2025-01-10,22:40:31,-08:00,2025-01-10T22:40:31-08:00,0,5
resume/index.html,11,html,b96a2137,SY-42,2025-01-25,22:39:29,-08:00,2025-01-25T22:39:29-08:00,0,9
resume/index.html,12,html,27d90ddc,SY-42,2025-01-18,22:44:15,-08:00,2025-01-18T22:44:15-08:00,0,47
resume/index.html,13,html,27d90ddc,SY-42,2025-01-18,22:44:15,-08:00,2025-01-18T22:44:15-08:00,0,58
resume/index.html,14,html,27d90ddc,SY-42,2025-01-18,22:44:15,-08:00,2025-01-18T22:44:15-08:00,0,60
resume/index.html,15,html,b96a2137,SY-42,2025-01-25,22:39:29,-08:00,2025-01-25T22:39:29-08:00,0,56
resume/index.html,16,html,b96a2137,SY-42,2025-01-25,22:39:29,-08:00,2025-01-25T22:39:29-08:00,0,9
resume/index.html,17,html,ca7cfd8c,SY-42,2025-01-10,22:40:31,-08:00,2025-01-10T22:40:31-08:00,0,3
resume/index.html,18,html,ca7cfd8c,SY-42,2025-01-10,22:40:31,-08:00,2025-01-10T22:40:31-08:00,0,10
resume/index.html,19,html,ca7cfd8c,SY-42,2025-01-10,22:40:31,-08:00,2025-01-10T22:40:31-08:00,0,4
resume/index.html,20,html,ca7cfd8c,SY-42,2025-01-10,22:40:31,-08:00,2025-01-10T22:40:31-08:00,0,8
resume/index.html,21,html,ca7cfd8c,SY-42,2025-01-10,22:40:31,-08:00,2025-01-10T22:40:31-08:00,0,3
resume/index.html,22,html,ca7cfd8c,SY-42,2025-01-10,22:40:31,-08:00,2025-01-10T22:40:31-08:00,0,8
resume/index.html,23,html,ca7cfd8c,SY-42,2025-01-10,22:40:31,-08:00,2025-01-10T22:40:31-08:00,0,4
resume/index.html,24,html,c25c8f97,SY-42,2025-01-10,22:46:25,-08:00,2025-01-10T22:46:25-08:00,0,8
resume/index.html,25,html,c25c8f97,SY-42,2025-01-10,22:46:25,-08:00,2025-01-10T22:46:25-08:00,0,7
resume/index.html,26,html,c25c8f97,SY-42,2025-01-10,22:46:25,-08:00,2025-01-10T22:46:25-08:00,0,85
resume/index.html,27,html,c25c8f97,SY-42,2025-01-10,22:46:25,-08:00,2025-01-10T22:46:25-08:00,0,131
resume/index.html,28,html,c25c8f97,SY-42,2025-01-10,22:46:25,-08:00,2025-01-10T22:46:25-08:00,0,8
resume/index.html,29,html,c25c8f97,SY-42,2025-01-10,22:46:25,-08:00,2025-01-10T22:46:25-08:00,0,3
resume/index.html,30,html,c25c8f97,SY-42,2025-01-10,22:46:25,-08:00,2025-01-10T22:46:25-08:00,0,48
resume/index.html,31,html,c25c8f97,SY-42,2025-01-10,22:46:25,-08:00,2025-01-10T22:46:25-08:00,0,3
resume/index.html,32,html,c25c8f97,SY-42,2025-01-10,22:46:25,-08:00,2025-01-10T22:46:25-08:00,0,40
resume/index.html,33,html,c25c8f97,SY-42,2025-01-10,22:46:25,-08:00,2025-01-10T22:46:25-08:00,0,3
resume/index.html,34,html,c25c8f97,SY-42,2025-01-10,22:46:25,-08:00,2025-01-10T22:46:25-08:00,0,2
resume/index.html,35,html,c25c8f97,SY-42,2025-01-10,22:46:25,-08:00,2025-01-10T22:46:25-08:00,0,130
resume/index.html,36,html,c25c8f97,SY-42,2025-01-10,22:46:25,-08:00,2025-01-10T22:46:25-08:00,0,3
resume/index.html,37,html,c25c8f97,SY-42,2025-01-10,22:46:25,-08:00,2025-01-10T22:46:25-08:00,0,9
resume/index.html,38,html,ca7cfd8c,SY-42,2025-01-10,22:40:31,-08:00,2025-01-10T22:40:31-08:00,0,9
resume/index.html,39,html,ca7cfd8c,SY-42,2025-01-10,22:40:31,-08:00,2025-01-10T22:40:31-08:00,0,8
resume/index.html,40,html,ca7cfd8c,SY-42,2025-01-10,22:40:31,-08:00,2025-01-10T22:40:31-08:00,0,3
resume/index.html,41,html,ca7cfd8c,SY-42,2025-01-10,22:40:31,-08:00,2025-01-10T22:40:31-08:00,0,14
resume/index.html,42,html,ca7cfd8c,SY-42,2025-01-10,22:40:31,-08:00,2025-01-10T22:40:31-08:00,0,4
resume/index.html,43,html,c25c8f97,SY-42,2025-01-10,22:46:25,-08:00,2025-01-10T22:46:25-08:00,0,8
resume/index.html,44,html,c25c8f97,SY-42,2025-01-10,22:46:25,-08:00,2025-01-10T22:46:25-08:00,0,7
resume/index.html,45,html,c25c8f97,SY-42,2025-01-10,22:46:25,-08:00,2025-01-10T22:46:25-08:00,0,66
resume/index.html,46,html,c25c8f97,SY-42,2025-01-10,22:46:25,-08:00,2025-01-10T22:46:25-08:00,0,8
resume/index.html,47,html,ca7cfd8c,SY-42,2025-01-10,22:40:31,-08:00,2025-01-10T22:40:31-08:00,0,3
resume/index.html,48,html,ca7cfd8c,SY-42,2025-01-10,22:40:31,-08:00,2025-01-10T22:40:31-08:00,0,3
resume/index.html,49,html,ca7cfd8c,SY-42,2025-01-10,22:40:31,-08:00,2025-01-10T22:40:31-08:00,0,147
resume/index.html,50,html,ca7cfd8c,SY-42,2025-01-10,22:40:31,-08:00,2025-01-10T22:40:31-08:00,0,4
resume/index.html,51,html,ca7cfd8c,SY-42,2025-01-10,22:40:31,-08:00,2025-01-10T22:40:31-08:00,0,3
resume/index.html,52,html,ca7cfd8c,SY-42,2025-01-10,22:40:31,-08:00,2025-01-10T22:40:31-08:00,0,102
resume/index.html,53,html,ca7cfd8c,SY-42,2025-01-10,22:40:31,-08:00,2025-01-10T22:40:31-08:00,0,4
resume/index.html,54,html,ca7cfd8c,SY-42,2025-01-10,22:40:31,-08:00,2025-01-10T22:40:31-08:00,0,3
resume/index.html,55,html,ca7cfd8c,SY-42,2025-01-10,22:40:31,-08:00,2025-01-10T22:40:31-08:00,0,74
resume/index.html,56,html,ca7cfd8c,SY-42,2025-01-10,22:40:31,-08:00,2025-01-10T22:40:31-08:00,0,4
resume/index.html,57,html,ca7cfd8c,SY-42,2025-01-10,22:40:31,-08:00,2025-01-10T22:40:31-08:00,0,4
resume/index.html,58,html,c25c8f97,SY-42,2025-01-10,22:46:25,-08:00,2025-01-10T22:46:25-08:00,0,9
resume/index.html,59,html,ca7cfd8c,SY-42,2025-01-10,22:40:31,-08:00,2025-01-10T22:40:31-08:00,0,9
resume/index.html,60,html,ca7cfd8c,SY-42,2025-01-10,22:40:31,-08:00,2025-01-10T22:40:31-08:00,0,8
resume/index.html,61,html,ca7cfd8c,SY-42,2025-01-10,22:40:31,-08:00,2025-01-10T22:40:31-08:00,0,3
resume/index.html,62,html,ca7cfd8c,SY-42,2025-01-10,22:40:31,-08:00,2025-01-10T22:40:31-08:00,0,7
resume/index.html,63,html,ca7cfd8c,SY-42,2025-01-10,22:40:31,-08:00,2025-01-10T22:40:31-08:00,0,4
resume/index.html,64,html,c25c8f97,SY-42,2025-01-10,22:46:25,-08:00,2025-01-10T22:46:25-08:00,0,8
resume/index.html,65,html,c25c8f97,SY-42,2025-01-10,22:46:25,-08:00,2025-01-10T22:46:25-08:00,0,7
resume/index.html,66,html,c25c8f97,SY-42,2025-01-10,22:46:25,-08:00,2025-01-10T22:46:25-08:00,0,61
resume/index.html,67,html,c25c8f97,SY-42,2025-01-10,22:46:25,-08:00,2025-01-10T22:46:25-08:00,0,8
resume/index.html,68,html,ca7cfd8c,SY-42,2025-01-10,22:40:31,-08:00,2025-01-10T22:40:31-08:00,0,3
resume/index.html,69,html,ca7cfd8c,SY-42,2025-01-10,22:40:31,-08:00,2025-01-10T22:40:31-08:00,0,3
resume/index.html,70,html,ca7cfd8c,SY-42,2025-01-10,22:40:31,-08:00,2025-01-10T22:40:31-08:00,0,53
resume/index.html,71,html,ca7cfd8c,SY-42,2025-01-10,22:40:31,-08:00,2025-01-10T22:40:31-08:00,0,4
resume/index.html,72,html,ca7cfd8c,SY-42,2025-01-10,22:40:31,-08:00,2025-01-10T22:40:31-08:00,0,3
resume/index.html,73,html,ca7cfd8c,SY-42,2025-01-10,22:40:31,-08:00,2025-01-10T22:40:31-08:00,0,44
resume/index.html,74,html,ca7cfd8c,SY-42,2025-01-10,22:40:31,-08:00,2025-01-10T22:40:31-08:00,0,4
resume/index.html,75,html,ca7cfd8c,SY-42,2025-01-10,22:40:31,-08:00,2025-01-10T22:40:31-08:00,0,3
resume/index.html,76,html,ca7cfd8c,SY-42,2025-01-10,22:40:31,-08:00,2025-01-10T22:40:31-08:00,0,46
resume/index.html,77,html,ca7cfd8c,SY-42,2025-01-10,22:40:31,-08:00,2025-01-10T22:40:31-08:00,0,4
resume/index.html,78,html,ca7cfd8c,SY-42,2025-01-10,22:40:31,-08:00,2025-01-10T22:40:31-08:00,0,4
resume/index.html,79,html,c25c8f97,SY-42,2025-01-10,22:46:25,-08:00,2025-01-10T22:46:25-08:00,0,9
resume/index.html,80,html,c25c8f97,SY-42,2025-01-10,22:46:25,-08:00,2025-01-10T22:46:25-08:00,0,8
resume/index.html,81,html,c25c8f97,SY-42,2025-01-10,22:46:25,-08:00,2025-01-10T22:46:25-08:00,0,7
resume/index.html,82,html,c25c8f97,SY-42,2025-01-10,22:46:25,-08:00,2025-01-10T22:46:25-08:00,0,57
resume/index.html,83,html,c25c8f97,SY-42,2025-01-10,22:46:25,-08:00,2025-01-10T22:46:25-08:00,0,8
resume/index.html,84,html,ca7cfd8c,SY-42,2025-01-10,22:40:31,-08:00,2025-01-10T22:40:31-08:00,0,3
resume/index.html,85,html,ca7cfd8c,SY-42,2025-01-10,22:40:31,-08:00,2025-01-10T22:40:31-08:00,0,3
resume/index.html,86,html,ca7cfd8c,SY-42,2025-01-10,22:40:31,-08:00,2025-01-10T22:40:31-08:00,0,90
resume/index.html,87,html,ca7cfd8c,SY-42,2025-01-10,22:40:31,-08:00,2025-01-10T22:40:31-08:00,0,4
resume/index.html,88,html,ca7cfd8c,SY-42,2025-01-10,22:40:31,-08:00,2025-01-10T22:40:31-08:00,0,3
resume/index.html,89,html,ca7cfd8c,SY-42,2025-01-10,22:40:31,-08:00,2025-01-10T22:40:31-08:00,0,82
resume/index.html,90,html,ca7cfd8c,SY-42,2025-01-10,22:40:31,-08:00,2025-01-10T22:40:31-08:00,0,4
resume/index.html,91,html,ca7cfd8c,SY-42,2025-01-10,22:40:31,-08:00,2025-01-10T22:40:31-08:00,0,4
resume/index.html,92,html,c25c8f97,SY-42,2025-01-10,22:46:25,-08:00,2025-01-10T22:46:25-08:00,0,9
resume/index.html,93,html,ca7cfd8c,SY-42,2025-01-10,22:40:31,-08:00,2025-01-10T22:40:31-08:00,0,9
resume/index.html,94,html,ca7cfd8c,SY-42,2025-01-10,22:40:31,-08:00,2025-01-10T22:40:31-08:00,0,6
resume/index.html,95,html,ca7cfd8c,SY-42,2025-01-10,22:40:31,-08:00,2025-01-10T22:40:31-08:00,0,6
projects/projects.js,1,js,55446379,SY-42,2025-01-31,17:22:17,-08:00,2025-01-31T17:22:17-08:00,0,56
projects/projects.js,2,js,37240bc2,SY-42,2025-02-08,22:41:32,-08:00,2025-02-08T22:41:32-08:00,0,64
projects/projects.js,3,js,55446379,SY-42,2025-01-31,17:22:17,-08:00,2025-01-31T17:22:17-08:00,0,0
projects/projects.js,4,js,55446379,SY-42,2025-01-31,17:22:17,-08:00,2025-01-31T17:22:17-08:00,0,56
projects/projects.js,5,js,55446379,SY-42,2025-01-31,17:22:17,-08:00,2025-01-31T17:22:17-08:00,0,61
projects/projects.js,6,js,55446379,SY-42,2025-01-31,17:22:17,-08:00,2025-01-31T17:22:17-08:00,0,49
projects/projects.js,7,js,55446379,SY-42,2025-01-31,17:22:17,-08:00,2025-01-31T17:22:17-08:00,0,0
projects/projects.js,8,js,55446379,SY-42,2025-01-31,17:22:17,-08:00,2025-01-31T17:22:17-08:00,0,36
projects/projects.js,9,js,37240bc2,SY-42,2025-02-08,22:41:32,-08:00,2025-02-08T22:41:32-08:00,0,81
projects/projects.js,10,js,37240bc2,SY-42,2025-02-08,22:41:32,-08:00,2025-02-08T22:41:32-08:00,0,0
projects/projects.js,11,js,37240bc2,SY-42,2025-02-08,22:41:32,-08:00,2025-02-08T22:41:32-08:00,0,14
projects/projects.js,12,js,37240bc2,SY-42,2025-02-08,22:41:32,-08:00,2025-02-08T22:41:32-08:00,0,54
projects/projects.js,13,js,37240bc2,SY-42,2025-02-08,22:41:32,-08:00,2025-02-08T22:41:32-08:00,0,0
projects/projects.js,14,js,37240bc2,SY-42,2025-02-08,22:41:32,-08:00,2025-02-08T22:41:32-08:00,0,58
projects/projects.js,15,js,37240bc2,SY-42,2025-02-08,22:41:32,-08:00,2025-02-08T22:41:32-08:00,0,0
projects/projects.js,16,js,37240bc2,SY-42,2025-02-08,22:41:32,-08:00,2025-02-08T22:41:32-08:00,0,41
projects/projects.js,17,js,37240bc2,SY-42,2025-02-08,22:41:32,-08:00,2025-02-08T22:41:32-08:00,0,39
projects/projects.js,18,js,37240bc2,SY-42,2025-02-08,22:41:32,-08:00,2025-02-08T22:41:32-08:00,0,26
projects/projects.js,19,js,37240bc2,SY-42,2025-02-08,22:41:32,-08:00,2025-02-08T22:41:32-08:00,0,30
projects/projects.js,20,js,37240bc2,SY-42,2025-02-08,22:41:32,-08:00,2025-02-08T22:41:32-08:00,0,13
projects/projects.js,21,js,37240bc2,SY-42,2025-02-08,22:41:32,-08:00,2025-02-08T22:41:32-08:00,0,15
projects/projects.js,22,js,37240bc2,SY-42,2025-02-08,22:41:32,-08:00,2025-02-08T22:41:32-08:00,0,13
projects/projects.js,23,js,37240bc2,SY-42,2025-02-08,22:41:32,-08:00,2025-02-08T22:41:32-08:00,0,1
projects/projects.js,24,js,37240bc2,SY-42,2025-02-08,22:41:32,-08:00,2025-02-08T22:41:32-08:00,0,19
projects/projects.js,25,js,37240bc2,SY-42,2025-02-08,22:41:32,-08:00,2025-02-08T22:41:32-08:00,0,51
projects/projects.js,26,js,37240bc2,SY-42,2025-02-08,22:41:32,-08:00,2025-02-08T22:41:32-08:00,0,44
projects/projects.js,27,js,37240bc2,SY-42,2025-02-08,22:41:32,-08:00,2025-02-08T22:41:32-08:00,0,2
projects/projects.js,28,js,37240bc2,SY-42,2025-02-08,22:41:32,-08:00,2025-02-08T22:41:32-08:00,0,51
projects/projects.js,29,js,37240bc2,SY-42,2025-02-08,22:41:32,-08:00,2025-02-08T22:41:32-08:00,0,0
projects/projects.js,30,js,37240bc2,SY-42,2025-02-08,22:41:32,-08:00,2025-02-08T22:41:32-08:00,0,54
projects/projects.js,31,js,37240bc2,SY-42,2025-02-08,22:41:32,-08:00,2025-02-08T22:41:32-08:00,0,43
projects/projects.js,32,js,37240bc2,SY-42,2025-02-08,22:41:32,-08:00,2025-02-08T22:41:32-08:00,0,52
projects/projects.js,33,js,37240bc2,SY-42,2025-02-08,22:41:32,-08:00,2025-02-08T22:41:32-08:00,0,34
projects/projects.js,34,js,37240bc2,SY-42,2025-02-08,22:41:32,-08:00,2025-02-08T22:41:32-08:00,0,29
projects/projects.js,35,js,37240bc2,SY-42,2025-02-08,22:41:32,-08:00,2025-02-08T22:41:32-08:00,0,33
projects/projects.js,36,js,37240bc2,SY-42,2025-02-08,22:41:32,-08:00,2025-02-08T22:41:32-08:00,0,36
projects/projects.js,37,js,37240bc2,SY-42,2025-02-08,22:41:32,-08:00,2025-02-08T22:41:32-08:00,0,34
projects/projects.js,38,js,37240bc2,SY-42,2025-02-08,22:41:32,-08:00,2025-02-08T22:41:32-08:00,0,54
projects/projects.js,39,js,37240bc2,SY-42,2025-02-08,22:41:32,-08:00,2025-02-08T22:41:32-08:00,0,48
projects/projects.js,40,js,37240bc2,SY-42,2025-02-08,22:41:32,-08:00,2025-02-08T22:41:32-08:00,0,0
projects/projects.js,41,js,37240bc2,SY-42,2025-02-08,22:41:32,-08:00,2025-02-08T22:41:32-08:00,0,28
projects/projects.js,42,js,37240bc2,SY-42,2025-02-08,22:41:32,-08:00,2025-02-08T22:41:32-08:00,0,15
projects/projects.js,43,js,37240bc2,SY-42,2025-02-08,22:41:32,-08:00,2025-02-08T22:41:32-08:00,0,14
projects/projects.js,44,js,37240bc2,SY-42,2025-02-08,22:41:32,-08:00,2025-02-08T22:41:32-08:00,0,14
projects/projects.js,45,js,37240bc2,SY-42,2025-02-08,22:41:32,-08:00,2025-02-08T22:41:32-08:00,0,23
projects/projects.js,46,js,37240bc2,SY-42,2025-02-08,22:41:32,-08:00,2025-02-08T22:41:32-08:00,0,19
projects/projects.js,47,js,37240bc2,SY-42,2025-02-08,22:41:32,-08:00,2025-02-08T22:41:32-08:00,0,44
projects/projects.js,48,js,37240bc2,SY-42,2025-02-08,22:41:32,-08:00,2025-02-08T22:41:32-08:00,0,5
projects/projects.js,49,js,37240bc2,SY-42,2025-02-08,22:41:32,-08:00,2025-02-08T22:41:32-08:00,0,17
projects/projects.js,50,js,37240bc2,SY-42,2025-02-08,22:41:32,-08:00,2025-02-08T22:41:32-08:00,0,27
projects/projects.js,51,js,37240bc2,SY-42,2025-02-08,22:41:32,-08:00,2025-02-08T22:41:32-08:00,0,37
projects/projects.js,52,js,37240bc2,SY-42,2025-02-08,22:41:32,-08:00,2025-02-08T22:41:32-08:00,0,2
projects/projects.js,53,js,37240bc2,SY-42,2025-02-08,22:41:32,-08:00,2025-02-08T22:41:32-08:00,0,5
projects/projects.js,54,js,37240bc2,SY-42,2025-02-08,22:41:32,-08:00,2025-02-08T22:41:32-08:00,0,15
projects/projects.js,55,js,37240bc2,SY-42,2025-02-08,22:41:32,-08:00,2025-02-08T22:41:32-08:00,0,27
projects/projects.js,56,js,37240bc2,SY-42,2025-02-08,22:41:32,-08:00,2025-02-08T22:41:32-08:00,0,60
projects/projects.js,57,js,37240bc2,SY-42,2025-02-08,22:41:32,-08:00,2025-02-08T22:41:32-08:00,0,2
projects/projects.js,58,js,37240bc2,SY-42,2025-02-08,22:41:32,-08:00,2025-02-08T22:41:32-08:00,0,0
projects/projects.js,59,js,37240bc2,SY-42,2025-02-08,22:41:32,-08:00,2025-02-08T22:41:32-08:00,0,26
projects/projects.js,60,js,37240bc2,SY-42,2025-02-08,22:41:32,-08:00,2025-02-08T22:41:32-08:00,0,49
projects/projects.js,61,js,37240bc2,SY-42,2025-02-08,22:41:32,-08:00,2025-02-08T22:41:32-08:00,0,7
projects/projects.js,62,js,37240bc2,SY-42,2025-02-08,22:41:32,-08:00,2025-02-08T22:41:32-08:00,0,41
projects/projects.js,63,js,37240bc2,SY-42,2025-02-08,22:41:32,-08:00,2025-02-08T22:41:32-08:00,0,91
projects/projects.js,64,js,37240bc2,SY-42,2025-02-08,22:41:32,-08:00,2025-02-08T22:41:32-08:00,0,0
projects/projects.js,65,js,37240bc2,SY-42,2025-02-08,22:41:32,-08:00,2025-02-08T22:41:32-08:00,0,0
projects/projects.js,66,js,37240bc2,SY-42,2025-02-08,22:41:32,-08:00,2025-02-08T22:41:32-08:00,0,2
projects/projects.js,67,js,37240bc2,SY-42,2025-02-08,22:41:32,-08:00,2025-02-08T22:41:32-08:00,0,1
projects/projects.js,68,js,37240bc2,SY-42,2025-02-08,22:41:32,-08:00,2025-02-08T22:41:32-08:00,0,0
projects/projects.js,69,js,37240bc2,SY-42,2025-02-08,22:41:32,-08:00,2025-02-08T22:41:32-08:00,0,33
projects/projects.js,70,js,37240bc2,SY-42,2025-02-08,22:41:32,-08:00,2025-02-08T22:41:32-08:00,0,28
projects/projects.js,71,js,37240bc2,SY-42,2025-02-08,22:41:32,-08:00,2025-02-08T22:41:32-08:00,0,18
projects/projects.js,72,js,37240bc2,SY-42,2025-02-08,22:41:32,-08:00,2025-02-08T22:41:32-08:00,0,94
projects/projects.js,73,js,37240bc2,SY-42,2025-02-08,22:41:32,-08:00,2025-02-08T22:41:32-08:00,0,28
projects/projects.js,74,js,37240bc2,SY-42,2025-02-08,22:41:32,-08:00,2025-02-08T22:41:32-08:00,0,100
projects/projects.js,75,js,37240bc2,SY-42,2025-02-08,22:41:32,-08:00,2025-02-08T22:41:32-08:00,0,1
projects/projects.js,76,js,37240bc2,SY-42,2025-02-08,22:41:32,-08:00,2025-02-08T22:41:32-08:00,0,0
projects/projects.js,77,js,37240bc2,SY-42,2025-02-08,22:41:32,-08:00,2025-02-08T22:41:32-08:00,0,0
projects/projects.js,78,js,37240bc2,SY-42,2025-02-08,22:41:32,-08:00,2025-02-08T22:41:32-08:00,0,33
projects/projects.js,79,js,37240bc2,SY-42,2025-02-08,22:41:32,-08:00,2025-02-08T22:41:32-08:00,0,24
projects/projects.js,80,js,37240bc2,SY-42,2025-02-08,22:41:32,-08:00,2025-02-08T22:41:32-08:00,0,0
projects/projects.js,81,js,37240bc2,SY-42,2025-02-08,22:41:32,-08:00,2025-02-08T22:41:32-08:00,0,50
projects/projects.js,82,js,37240bc2,SY-42,2025-02-08,22:41:32,-08:00,2025-02-08T22:41:32-08:00,0,0
projects/projects.js,83,js,37240bc2,SY-42,2025-02-08,22:41:32,-08:00,2025-02-08T22:41:32-08:00,0,26
projects/projects.js,84,js,37240bc2,SY-42,2025-02-08,22:41:32,-08:00,2025-02-08T22:41:32-08:00,0,52
projects/projects.js,85,js,37240bc2,SY-42,2025-02-08,22:41:32,-08:00,2025-02-08T22:41:32-08:00,0,60
projects/projects.js,86,js,37240bc2,SY-42,2025-02-08,22:41:32,-08:00,2025-02-08T22:41:32-08:00,0,43
projects/projects.js,87,js,37240bc2,SY-42,2025-02-08,22:41:32,-08:00,2025-02-08T22:41:32-08:00,0,2
projects/projects.js,88,js,37240bc2,SY-42,2025-02-08,22:41:32,-08:00,2025-02-08T22:41:32-08:00,0,53
projects/projects.js,89,js,37240bc2,SY-42,2025-02-08,22:41:32,-08:00,2025-02-08T22:41:32-08:00,0,57
projects/projects.js,90,js,37240bc2,SY-42,2025-02-08,22:41:32,-08:00,2025-02-08T22:41:32-08:00,0,32
projects/projects.js,91,js,37240bc2,SY-42,2025-02-08,22:41:32,-08:00,2025-02-08T22:41:32-08:00,0,2
projects/projects.js,92,js,37240bc2,SY-42,2025-02-08,22:41:32,-08:00,2025-02-08T22:41:32-08:00,0,0
projects/projects.js,93,js,37240bc2,SY-42,2025-02-08,22:41:32,-08:00,2025-02-08T22:41:32-08:00,0,22
projects/projects.js,94,js,37240bc2,SY-42,2025-02-08,22:41:32,-08:00,2025-02-08T22:41:32-08:00,0,0
projects/index.html,1,html,f082cb86,SY-42,2025-01-10,20:57:04,-08:00,2025-01-10T20:57:04-08:00,0,14
projects/index.html,2,html,f082cb86,SY-42,2025-01-10,20:57:04,-08:00,2025-01-10T20:57:04-08:00,0,15
projects/index.html,3,html,f082cb86,SY-42,2025-01-10,20:57:04,-08:00,2025-01-10T20:57:04-08:00,0,5
projects/index.html,4,html,f082cb86,SY-42,2025-01-10,20:57:04,-08:00,2025-01-10T20:57:04-08:00,0,21
projects/index.html,5,html,27d90ddc,SY-42,2025-01-18,22:44:15,-08:00,2025-01-18T22:44:15-08:00,0,58
projects/index.html,6,html,55446379,SY-42,2025-01-31,17:22:17,-08:00,2025-01-31T17:22:17-08:00,0,49
projects/index.html,7,html,55446379,SY-42,2025-01-31,17:22:17,-08:00,2025-01-31T17:22:17-08:00,0,48
projects/index.html,8,html,f082cb86,SY-42,2025-01-10,20:57:04,-08:00,2025-01-10T20:57:04-08:00,0,69
projects/index.html,9,html,7cc2d127,SY-42,2025-01-10,21:26:05,-08:00,2025-01-10T21:26:05-08:00,0,27
projects/index.html,10,html,f082cb86,SY-42,2025-01-10,20:57:04,-08:00,2025-01-10T20:57:04-08:00,0,6
projects/index.html,11,html,f082cb86,SY-42,2025-01-10,20:57:04,-08:00,2025-01-10T20:57:04-08:00,0,5
projects/index.html,12,html,55446379,SY-42,2025-01-31,17:22:17,-08:00,2025-01-31T17:22:17-08:00,0,26
projects/index.html,13,html,f082cb86,SY-42,2025-01-10,20:57:04,-08:00,2025-01-10T20:57:04-08:00,0,7
projects/index.html,14,html,f082cb86,SY-42,2025-01-10,20:57:04,-08:00,2025-01-10T20:57:04-08:00,0,4
projects/index.html,15,html,37240bc2,SY-42,2025-02-08,22:41:32,-08:00,2025-02-08T22:41:32-08:00,0,22
projects/index.html,16,html,37240bc2,SY-42,2025-02-08,22:41:32,-08:00,2025-02-08T22:41:32-08:00,0,59
projects/index.html,17,html,37240bc2,SY-42,2025-02-08,22:41:32,-08:00,2025-02-08T22:41:32-08:00,0,11
projects/index.html,18,html,37240bc2,SY-42,2025-02-08,22:41:32,-08:00,2025-02-08T22:41:32-08:00,0,5
projects/index.html,19,html,37240bc2,SY-42,2025-02-08,22:41:32,-08:00,2025-02-08T22:41:32-08:00,0,18
projects/index.html,20,html,37240bc2,SY-42,2025-02-08,22:41:32,-08:00,2025-02-08T22:41:32-08:00,0,11
projects/index.html,21,html,37240bc2,SY-42,2025-02-08,22:41:32,-08:00,2025-02-08T22:41:32-08:00,0,4
projects/index.html,22,html,27d90ddc,SY-42,2025-01-18,22:44:15,-08:00,2025-01-18T22:44:15-08:00,0,5
projects/index.html,23,html,37240bc2,SY-42,2025-02-08,22:41:32,-08:00,2025-02-08T22:41:32-08:00,0,5
projects/index.html,24,html,37240bc2,SY-42,2025-02-08,22:41:32,-08:00,2025-02-08T22:41:32-08:00,0,16
projects/index.html,25,html,37240bc2,SY-42,2025-02-08,22:41:32,-08:00,2025-02-08T22:41:32-08:00,0,12
projects/index.html,26,html,37240bc2,SY-42,2025-02-08,22:41:32,-08:00,2025-02-08T22:41:32-08:00,0,27
projects/index.html,27,html,37240bc2,SY-42,2025-02-08,22:41:32,-08:00,2025-02-08T22:41:32-08:00,0,32
projects/index.html,28,html,37240bc2,SY-42,2025-02-08,22:41:32,-08:00,2025-02-08T22:41:32-08:00,0,1
projects/index.html,29,html,37240bc2,SY-42,2025-02-08,22:41:32,-08:00,2025-02-08T22:41:32-08:00,0,27
projects/index.html,30,html,f082cb86,SY-42,2025-01-10,20:57:04,-08:00,2025-01-10T20:57:04-08:00,0,6
projects/index.html,31,html,f082cb86,SY-42,2025-01-10,20:57:04,-08:00,2025-01-10T20:57:04-08:00,0,6
meta/main.js,1,js,4cb63946,SY-42,2025-02-14,23:20:24,-08:00,2025-02-14T23:20:24-08:00,0,18
meta/main.js,2,js,4cb63946,SY-42,2025-02-14,23:20:24,-08:00,2025-02-14T23:20:24-08:00,0,18
meta/main.js,3,js,4cb63946,SY-42,2025-02-14,23:20:24,-08:00,2025-02-14T23:20:24-08:00,0,0
meta/main.js,4,js,4cb63946,SY-42,2025-02-14,23:20:24,-08:00,2025-02-14T23:20:24-08:00,0,10
meta/main.js,5,js,4cb63946,SY-42,2025-02-14,23:20:24,-08:00,2025-02-14T23:20:24-08:00,0,10
meta/main.js,6,js,4cb63946,SY-42,2025-02-14,23:20:24,-08:00,2025-02-14T23:20:24-08:00,0,0
meta/main.js,7,js,4cb63946,SY-42,2025-02-14,23:20:24,-08:00,2025-02-14T23:20:24-08:00,0,13
meta/main.js,8,js,4cb63946,SY-42,2025-02-14,23:20:24,-08:00,2025-02-14T23:20:24-08:00,0,16
meta/main.js,9,js,4cb63946,SY-42,2025-02-14,23:20:24,-08:00,2025-02-14T23:20:24-08:00,0,0
meta/main.js,10,js,4cb63946,SY-42,2025-02-14,23:20:24,-08:00,2025-02-14T23:20:24-08:00,0,58
meta/main.js,11,js,4cb63946,SY-42,2025-02-14,23:20:24,-08:00,2025-02-14T23:20:24-08:00,0,16
meta/main.js,12,js,4cb63946,SY-42,2025-02-14,23:20:24,-08:00,2025-02-14T23:20:24-08:00,0,19
meta/main.js,13,js,4cb63946,SY-42,2025-02-14,23:20:24,-08:00,2025-02-14T23:20:24-08:00,0,15
meta/main.js,14,js,4cb63946,SY-42,2025-02-14,23:20:24,-08:00,2025-02-14T23:20:24-08:00,0,2
meta/main.js,15,js,4cb63946,SY-42,2025-02-14,23:20:24,-08:00,2025-02-14T23:20:24-08:00,0,0
meta/main.js,16,js,4cb63946,SY-42,2025-02-14,23:20:24,-08:00,2025-02-14T23:20:24-08:00,0,26
meta/main.js,17,js,4cb63946,SY-42,2025-02-14,23:20:24,-08:00,2025-02-14T23:20:24-08:00,0,11
meta/main.js,18,js,4cb63946,SY-42,2025-02-14,23:20:24,-08:00,2025-02-14T23:20:24-08:00,0,29
meta/main.js,19,js,4cb63946,SY-42,2025-02-14,23:20:24,-08:00,2025-02-14T23:20:24-08:00,0,26
meta/main.js,20,js,4cb63946,SY-42,2025-02-14,23:20:24,-08:00,2025-02-14T23:20:24-08:00,0,20
meta/main.js,21,js,4cb63946,SY-42,2025-02-14,23:20:24,-08:00,2025-02-14T23:20:24-08:00,0,54
meta/main.js,22,js,4cb63946,SY-42,2025-02-14,23:20:24,-08:00,2025-02-14T23:20:24-08:00,0,10
meta/main.js,23,js,4cb63946,SY-42,2025-02-14,23:20:24,-08:00,2025-02-14T23:20:24-08:00,0,10
meta/main.js,24,js,4cb63946,SY-42,2025-02-14,23:20:24,-08:00,2025-02-14T23:20:24-08:00,0,58
meta/main.js,25,js,4cb63946,SY-42,2025-02-14,23:20:24,-08:00,2025-02-14T23:20:24-08:00,0,6
meta/main.js,26,js,4cb63946,SY-42,2025-02-14,23:20:24,-08:00,2025-02-14T23:20:24-08:00,0,4
meta/main.js,27,js,4cb63946,SY-42,2025-02-14,23:20:24,-08:00,2025-02-14T23:20:24-08:00,0,4
meta/main.js,28,js,4cb63946,SY-42,2025-02-14,23:20:24,-08:00,2025-02-14T23:20:24-08:00,0,8
meta/main.js,29,js,4cb63946,SY-42,2025-02-14,23:20:24,-08:00,2025-02-14T23:20:24-08:00,0,8
meta/main.js,30,js,4cb63946,SY-42,2025-02-14,23:20:24,-08:00,2025-02-14T23:20:24-08:00,0,58
meta/main.js,31,js,4cb63946,SY-42,2025-02-14,23:20:24,-08:00,2025-02-14T23:20:24-08:00,0,24
meta/main.js,32,js,4cb63946,SY-42,2025-02-14,23:20:24,-08:00,2025-02-14T23:20:24-08:00,0,1
meta/main.js,33,js,4cb63946,SY-42,2025-02-14,23:20:24,-08:00,2025-02-14T23:20:24-08:00,0,0
meta/main.js,34,js,4cb63946,SY-42,2025-02-14,23:20:24,-08:00,2025-02-14T23:20:24-08:00,0,36
meta/main.js,35,js,4cb63946,SY-42,2025-02-14,23:20:24,-08:00,2025-02-14T23:20:24-08:00,0,12
meta/main.js,36,js,4cb63946,SY-42,2025-02-14,23:20:24,-08:00,2025-02-14T23:20:24-08:00,0,16
meta/main.js,37,js,4cb63946,SY-42,2025-02-14,23:20:24,-08:00,2025-02-14T23:20:24-08:00,0,18
meta/main.js,38,js,4cb63946,SY-42,2025-02-14,23:20:24,-08:00,2025-02-14T23:20:24-08:00,0,13
meta/main.js,39,js,4cb63946,SY-42,2025-02-14,23:20:24,-08:00,2025-02-14T23:20:24-08:00,0,2
meta/main.js,40,js,4cb63946,SY-42,2025-02-14,23:20:24,-08:00,2025-02-14T23:20:24-08:00,0,0
meta/main.js,41,js,4cb63946,SY-42,2025-02-14,23:20:24,-08:00,2025-02-14T23:20:24-08:00,0,10
meta/main.js,42,js,4cb63946,SY-42,2025-02-14,23:20:24,-08:00,2025-02-14T23:20:24-08:00,0,2
meta/main.js,43,js,4cb63946,SY-42,2025-02-14,23:20:24,-08:00,2025-02-14T23:20:24-08:00,0,0
meta/main.js,44,js,4cb63946,SY-42,2025-02-14,23:20:24,-08:00,2025-02-14T23:20:24-08:00,0,0
meta/main.js,45,js,4cb63946,SY-42,2025-02-14,23:20:24,-08:00,2025-02-14T23:20:24-08:00,0,0
meta/main.js,46,js,4cb63946,SY-42,2025-02-14,23:20:24,-08:00,2025-02-14T23:20:24-08:00,0,0
meta/main.js,47,js,4cb63946,SY-42,2025-02-14,23:20:24,-08:00,2025-02-14T23:20:24-08:00,0,24
meta/main.js,48,js,4cb63946,SY-42,2025-02-14,23:20:24,-08:00,2025-02-14T23:20:24-08:00,0,23
meta/main.js,49,js,4cb63946,SY-42,2025-02-14,23:20:24,-08:00,2025-02-14T23:20:24-08:00,0,16
meta/main.js,50,js,4cb63946,SY-42,2025-02-14,23:20:24,-08:00,2025-02-14T23:20:24-08:00,0,0
meta/main.js,51,js,4cb63946,SY-42,2025-02-14,23:20:24,-08:00,2025-02-14T23:20:24-08:00,0,20
meta/main.js,52,js,4cb63946,SY-42,2025-02-14,23:20:24,-08:00,2025-02-14T23:20:24-08:00,0,0
meta/main.js,53,js,4cb63946,SY-42,2025-02-14,23:20:24,-08:00,2025-02-14T23:20:24-08:00,0,23
meta/main.js,54,js,4cb63946,SY-42,2025-02-14,23:20:24,-08:00,2025-02-14T23:20:24-08:00,0,66
meta/main.js,55,js,4cb63946,SY-42,2025-02-14,23:20:24,-08:00,2025-02-14T23:20:24-08:00,0,0
meta/main.js,56,js,4cb63946,SY-42,2025-02-14,23:20:24,-08:00,2025-02-14T23:20:24-08:00,0,15
meta/main.js,57,js,4cb63946,SY-42,2025-02-14,23:20:24,-08:00,2025-02-14T23:20:24-08:00,0,68
meta/main.js,58,js,4cb63946,SY-42,2025-02-14,23:20:24,-08:00,2025-02-14T23:20:24-08:00,0,33
meta/main.js,59,js,4cb63946,SY-42,2025-02-14,23:20:24,-08:00,2025-02-14T23:20:24-08:00,0,0
meta/main.js,60,js,4cb63946,SY-42,2025-02-14,23:20:24,-08:00,2025-02-14T23:20:24-08:00,0,19
meta/main.js,61,js,4cb63946,SY-42,2025-02-14,23:20:24,-08:00,2025-02-14T23:20:24-08:00,0,37
meta/main.js,62,js,4cb63946,SY-42,2025-02-14,23:20:24,-08:00,2025-02-14T23:20:24-08:00,0,36
meta/main.js,63,js,4cb63946,SY-42,2025-02-14,23:20:24,-08:00,2025-02-14T23:20:24-08:00,0,0
meta/main.js,64,js,4cb63946,SY-42,2025-02-14,23:20:24,-08:00,2025-02-14T23:20:24-08:00,0,39
meta/main.js,65,js,4cb63946,SY-42,2025-02-14,23:20:24,-08:00,2025-02-14T23:20:24-08:00,0,57
meta/main.js,66,js,4cb63946,SY-42,2025-02-14,23:20:24,-08:00,2025-02-14T23:20:24-08:00,0,0
meta/main.js,67,js,4cb63946,SY-42,2025-02-14,23:20:24,-08:00,2025-02-14T23:20:24-08:00,0,0
meta/main.js,68,js,4cb63946,SY-42,2025-02-14,23:20:24,-08:00,2025-02-14T23:20:24-08:00,0,30
meta/main.js,69,js,4cb63946,SY-42,2025-02-14,23:20:24,-08:00,2025-02-14T23:20:24-08:00,0,4
meta/main.js,70,js,4cb63946,SY-42,2025-02-14,23:20:24,-08:00,2025-02-14T23:20:24-08:00,0,31
meta/main.js,71,js,4cb63946,SY-42,2025-02-14,23:20:24,-08:00,2025-02-14T23:20:24-08:00,0,12
meta/main.js,72,js,4cb63946,SY-42,2025-02-14,23:20:24,-08:00,2025-02-14T23:20:24-08:00,0,1
meta/main.js,73,js,4cb63946,SY-42,2025-02-14,23:20:24,-08:00,2025-02-14T23:20:24-08:00,0,0
meta/main.js,74,js,4cb63946,SY-42,2025-02-14,23:20:24,-08:00,2025-02-14T23:20:24-08:00,0,59
meta/main.js,75,js,4cb63946,SY-42,2025-02-14,23:20:24,-08:00,2025-02-14T23:20:24-08:00,0,0
meta/main.js,76,js,4cb63946,SY-42,2025-02-14,23:20:24,-08:00,2025-02-14T23:20:24-08:00,0,0
meta/main.js,77,js,4cb63946,SY-42,2025-02-14,23:20:24,-08:00,2025-02-14T23:20:24-08:00,0,40
meta/main.js,78,js,4cb63946,SY-42,2025-02-14,23:20:24,-08:00,2025-02-14T23:20:24-08:00,0,54
meta/main.js,79,js,4cb63946,SY-42,2025-02-14,23:20:24,-08:00,2025-02-14T23:20:24-08:00,0,0
meta/main.js,80,js,4cb63946,SY-42,2025-02-14,23:20:24,-08:00,2025-02-14T23:20:24-08:00,0,0
meta/main.js,81,js,4cb63946,SY-42,2025-02-14,23:20:24,-08:00,2025-02-14T23:20:24-08:00,0,35
meta/main.js,82,js,4cb63946,SY-42,2025-02-14,23:20:24,-08:00,2025-02-14T23:20:24-08:00,0,72
meta/main.js,83,js,4cb63946,SY-42,2025-02-14,23:20:24,-08:00,2025-02-14T23:20:24-08:00,0,0
meta/main.js,84,js,4cb63946,SY-42,2025-02-14,23:20:24,-08:00,2025-02-14T23:20:24-08:00,0,31
meta/main.js,85,js,4cb63946,SY-42,2025-02-14,23:20:24,-08:00,2025-02-14T23:20:24-08:00,0,4
meta/main.js,86,js,4cb63946,SY-42,2025-02-14,23:20:24,-08:00,2025-02-14T23:20:24-08:00,0,15
meta/main.js,87,js,4cb63946,SY-42,2025-02-14,23:20:24,-08:00,2025-02-14T23:20:24-08:00,0,71
meta/main.js,88,js,4cb63946,SY-42,2025-02-14,23:20:24,-08:00,2025-02-14T23:20:24-08:00,0,1
meta/main.js,89,js,4cb63946,SY-42,2025-02-14,23:20:24,-08:00,2025-02-14T23:20:24-08:00,0,0
meta/main.js,90,js,4cb63946,SY-42,2025-02-14,23:20:24,-08:00,2025-02-14T23:20:24-08:00,0,41
meta/main.js,91,js,4cb63946,SY-42,2025-02-14,23:20:24,-08:00,2025-02-14T23:20:24-08:00,0,65
meta/main.js,92,js,4cb63946,SY-42,2025-02-14,23:20:24,-08:00,2025-02-14T23:20:24-08:00,0,29
meta/main.js,93,js,4cb63946,SY-42,2025-02-14,23:20:24,-08:00,2025-02-14T23:20:24-08:00,0,0
meta/main.js,94,js,4cb63946,SY-42,2025-02-14,23:20:24,-08:00,2025-02-14T23:20:24-08:00,0,0
meta/main.js,95,js,4cb63946,SY-42,2025-02-14,23:20:24,-08:00,2025-02-14T23:20:24-08:00,0,0
meta/main.js,96,js,4cb63946,SY-42,2025-02-14,23:20:24,-08:00,2025-02-14T23:20:24-08:00,0,0
meta/main.js,97,js,4cb63946,SY-42,2025-02-14,23:20:24,-08:00,2025-02-14T23:20:24-08:00,0,26
meta/main.js,98,js,4cb63946,SY-42,2025-02-14,23:20:24,-08:00,2025-02-14T23:20:24-08:00,0,29
meta/main.js,99,js,4cb63946,SY-42,2025-02-14,23:20:24,-08:00,2025-02-14T23:20:24-08:00,0,0
meta/main.js,100,js,4cb63946,SY-42,2025-02-14,23:20:24,-08:00,2025-02-14T23:20:24-08:00,0,41
meta/main.js,101,js,4cb63946,SY-42,2025-02-14,23:20:24,-08:00,2025-02-14T23:20:24-08:00,0,6
meta/main.js,102,js,4cb63946,SY-42,2025-02-14,23:20:24,-08:00,2025-02-14T23:20:24-08:00,0,43
meta/main.js,103,js,4cb63946,SY-42,2025-02-14,23:20:24,-08:00,2025-02-14T23:20:24-08:00,0,24
meta/main.js,104,js,4cb63946,SY-42,2025-02-14,23:20:24,-08:00,2025-02-14T23:20:24-08:00,0,26
meta/main.js,105,js,4cb63946,SY-42,2025-02-14,23:20:24,-08:00,2025-02-14T23:20:24-08:00,0,50
meta/main.js,106,js,4cb63946,SY-42,2025-02-14,23:20:24,-08:00,2025-02-14T23:20:24-08:00,0,32
meta/main.js,107,js,4cb63946,SY-42,2025-02-14,23:20:24,-08:00,2025-02-14T23:20:24-08:00,0,3
meta/main.js,108,js,4cb63946,SY-42,2025-02-14,23:20:24,-08:00,2025-02-14T23:20:24-08:00,0,0
meta/main.js,109,js,4cb63946,SY-42,2025-02-14,23:20:24,-08:00,2025-02-14T23:20:24-08:00,0,14
meta/main.js,110,js,4cb63946,SY-42,2025-02-14,23:20:24,-08:00,2025-02-14T23:20:24-08:00,0,0
meta/main.js,111,js,4cb63946,SY-42,2025-02-14,23:20:24,-08:00,2025-02-14T23:20:24-08:00,0,0
meta/main.js,112,js,4cb63946,SY-42,2025-02-14,23:20:24,-08:00,2025-02-14T23:20:24-08:00,0,38
meta/main.js,113,js,4cb63946,SY-42,2025-02-14,23:20:24,-08:00,2025-02-14T23:20:24-08:00,0,51
meta/main.js,114,js,4cb63946,SY-42,2025-02-14,23:20:24,-08:00,2025-02-14T23:20:24-08:00,0,51
meta/main.js,115,js,4cb63946,SY-42,2025-02-14,23:20:24,-08:00,2025-02-14T23:20:24-08:00,0,0
meta/main.js,116,js,4cb63946,SY-42,2025-02-14,23:20:24,-08:00,2025-02-14T23:20:24-08:00,0,44
meta/main.js,117,js,4cb63946,SY-42,2025-02-14,23:20:24,-08:00,2025-02-14T23:20:24-08:00,0,0
meta/main.js,118,js,4cb63946,SY-42,2025-02-14,23:20:24,-08:00,2025-02-14T23:20:24-08:00,0,22
meta/main.js,119,js,4cb63946,SY-42,2025-02-14,23:20:24,-08:00,2025-02-14T23:20:24-08:00,0,28
meta/main.js,120,js,4cb63946,SY-42,2025-02-14,23:20:24,-08:00,2025-02-14T23:20:24-08:00,0,57
meta/main.js,121,js,4cb63946,SY-42,2025-02-14,23:20:24,-08:00,2025-02-14T23:20:24-08:00,0,17
meta/main.js,122,js,4cb63946,SY-42,2025-02-14,23:20:24,-08:00,2025-02-14T23:20:24-08:00,0,2
meta/main.js,123,js,4cb63946,SY-42,2025-02-14,23:20:24,-08:00,2025-02-14T23:20:24-08:00,0,0
meta/main.js,124,js,4cb63946,SY-42,2025-02-14,23:20:24,-08:00,2025-02-14T23:20:24-08:00,0,0
meta/main.js,125,js,4cb63946,SY-42,2025-02-14,23:20:24,-08:00,2025-02-14T23:20:24-08:00,0,44
meta/main.js,126,js,4cb63946,SY-42,2025-02-14,23:20:24,-08:00,2025-02-14T23:20:24-08:00,0,57
meta/main.js,127,js,4cb63946,SY-42,2025-02-14,23:20:24,-08:00,2025-02-14T23:20:24-08:00,0,27
meta/main.js,128,js,4cb63946,SY-42,2025-02-14,23:20:24,-08:00,2025-02-14T23:20:24-08:00,0,0
meta/main.js,129,js,4cb63946,SY-42,2025-02-14,23:20:24,-08:00,2025-02-14T23:20:24-08:00,0,0
meta/main.js,130,js,4cb63946,SY-42,2025-02-14,23:20:24,-08:00,2025-02-14T23:20:24-08:00,0,38
meta/main.js,131,js,4cb63946,SY-42,2025-02-14,23:20:24,-08:00,2025-02-14T23:20:24-08:00,0,57
meta/main.js,132,js,4cb63946,SY-42,2025-02-14,23:20:24,-08:00,2025-02-14T23:20:24-08:00,0,41
meta/main.js,133,js,4cb63946,SY-42,2025-02-14,23:20:24,-08:00,2025-02-14T23:20:24-08:00,0,40
meta/main.js,134,js,4cb63946,SY-42,2025-02-14,23:20:24,-08:00,2025-02-14T23:20:24-08:00,0,0
meta/main.js,135,js,4cb63946,SY-42,2025-02-14,23:20:24,-08:00,2025-02-14T23:20:24-08:00,0,0
meta/main.js,136,js,4cb63946,SY-42,2025-02-14,23:20:24,-08:00,2025-02-14T23:20:24-08:00,0,25
meta/main.js,137,js,4cb63946,SY-42,2025-02-14,23:20:24,-08:00,2025-02-14T23:20:24-08:00,0,41
meta/main.js,138,js,4cb63946,SY-42,2025-02-14,23:20:24,-08:00,2025-02-14T23:20:24-08:00,0,14
meta/main.js,139,js,4cb63946,SY-42,2025-02-14,23:20:24,-08:00,2025-02-14T23:20:24-08:00,0,31
meta/main.js,140,js,4cb63946,SY-42,2025-02-14,23:20:24,-08:00,2025-02-14T23:20:24-08:00,0,0
meta/main.js,141,js,4cb63946,SY-42,2025-02-14,23:20:24,-08:00,2025-02-14T23:20:24-08:00,0,41
meta/main.js,142,js,4cb63946,SY-42,2025-02-14,23:20:24,-08:00,2025-02-14T23:20:24-08:00,0,55
meta/main.js,143,js,4cb63946,SY-42,2025-02-14,23:20:24,-08:00,2025-02-14T23:20:24-08:00,0,0
meta/main.js,144,js,4cb63946,SY-42,2025-02-14,23:20:24,-08:00,2025-02-14T23:20:24-08:00,0,62
meta/main.js,145,js,4cb63946,SY-42,2025-02-14,23:20:24,-08:00,2025-02-14T23:20:24-08:00,0,0
meta/main.js,146,js,4cb63946,SY-42,2025-02-14,23:20:24,-08:00,2025-02-14T23:20:24-08:00,0,0
meta/main.js,147,js,4cb63946,SY-42,2025-02-14,23:20:24,-08:00,2025-02-14T23:20:24-08:00,0,0
meta/main.js,148,js,4cb63946,SY-42,2025-02-14,23:20:24,-08:00,2025-02-14T23:20:24-08:00,0,25
meta/main.js,149,js,4cb63946,SY-42,2025-02-14,23:20:24,-08:00,2025-02-14T23:20:24-08:00,0,0
meta/main.js,150,js,4cb63946,SY-42,2025-02-14,23:20:24,-08:00,2025-02-14T23:20:24-08:00,0,24
meta/main.js,151,js,4cb63946,SY-42,2025-02-14,23:20:24,-08:00,2025-02-14T23:20:24-08:00,0,32
meta/main.js,152,js,4cb63946,SY-42,2025-02-14,23:20:24,-08:00,2025-02-14T23:20:24-08:00,0,17
meta/main.js,153,js,4cb63946,SY-42,2025-02-14,23:20:24,-08:00,2025-02-14T23:20:24-08:00,0,22
meta/main.js,154,js,4cb63946,SY-42,2025-02-14,23:20:24,-08:00,2025-02-14T23:20:24-08:00,0,25
meta/main.js,155,js,4cb63946,SY-42,2025-02-14,23:20:24,-08:00,2025-02-14T23:20:24-08:00,0,0
meta/main.js,156,js,4cb63946,SY-42,2025-02-14,23:20:24,-08:00,2025-02-14T23:20:24-08:00,0,0
meta/main.js,157,js,4cb63946,SY-42,2025-02-14,23:20:24,-08:00,2025-02-14T23:20:24-08:00,0,35
meta/main.js,158,js,4cb63946,SY-42,2025-02-14,23:20:24,-08:00,2025-02-14T23:20:24-08:00,0,37
meta/main.js,159,js,4cb63946,SY-42,2025-02-14,23:20:24,-08:00,2025-02-14T23:20:24-08:00,0,33
meta/main.js,160,js,4cb63946,SY-42,2025-02-14,23:20:24,-08:00,2025-02-14T23:20:24-08:00,0,4
meta/main.js,161,js,4cb63946,SY-42,2025-02-14,23:20:24,-08:00,2025-02-14T23:20:24-08:00,0,63
meta/main.js,162,js,4cb63946,SY-42,2025-02-14,23:20:24,-08:00,2025-02-14T23:20:24-08:00,0,0
meta/main.js,163,js,4cb63946,SY-42,2025-02-14,23:20:24,-08:00,2025-02-14T23:20:24-08:00,0,34
meta/main.js,164,js,4cb63946,SY-42,2025-02-14,23:20:24,-08:00,2025-02-14T23:20:24-08:00,0,24
meta/main.js,165,js,4cb63946,SY-42,2025-02-14,23:20:24,-08:00,2025-02-14T23:20:24-08:00,0,6
meta/main.js,166,js,4cb63946,SY-42,2025-02-14,23:20:24,-08:00,2025-02-14T23:20:24-08:00,0,0
meta/main.js,167,js,4cb63946,SY-42,2025-02-14,23:20:24,-08:00,2025-02-14T23:20:24-08:00,0,74
meta/main.js,168,js,4cb63946,SY-42,2025-02-14,23:20:24,-08:00,2025-02-14T23:20:24-08:00,0,53
meta/main.js,169,js,4cb63946,SY-42,2025-02-14,23:20:24,-08:00,2025-02-14T23:20:24-08:00,0,0
meta/main.js,170,js,4cb63946,SY-42,2025-02-14,23:20:24,-08:00,2025-02-14T23:20:24-08:00,0,43
meta/main.js,171,js,4cb63946,SY-42,2025-02-14,23:20:24,-08:00,2025-02-14T23:20:24-08:00,0,27
meta/main.js,172,js,4cb63946,SY-42,2025-02-14,23:20:24,-08:00,2025-02-14T23:20:24-08:00,0,5
meta/main.js,173,js,4cb63946,SY-42,2025-02-14,23:20:24,-08:00,2025-02-14T23:20:24-08:00,0,15
meta/main.js,174,js,4cb63946,SY-42,2025-02-14,23:20:24,-08:00,2025-02-14T23:20:24-08:00,0,12
meta/main.js,175,js,4cb63946,SY-42,2025-02-14,23:20:24,-08:00,2025-02-14T23:20:24-08:00,0,1
meta/main.js,176,js,4cb63946,SY-42,2025-02-14,23:20:24,-08:00,2025-02-14T23:20:24-08:00,0,0
meta/main.js,177,js,4cb63946,SY-42,2025-02-14,23:20:24,-08:00,2025-02-14T23:20:24-08:00,0,27
meta/main.js,178,js,4cb63946,SY-42,2025-02-14,23:20:24,-08:00,2025-02-14T23:20:24-08:00,0,24
meta/main.js,179,js,4cb63946,SY-42,2025-02-14,23:20:24,-08:00,2025-02-14T23:20:24-08:00,0,0
meta/main.js,180,js,4cb63946,SY-42,2025-02-14,23:20:24,-08:00,2025-02-14T23:20:24-08:00,0,43
meta/main.js,181,js,4cb63946,SY-42,2025-02-14,23:20:24,-08:00,2025-02-14T23:20:24-08:00,0,39
meta/main.js,182,js,4cb63946,SY-42,2025-02-14,23:20:24,-08:00,2025-02-14T23:20:24-08:00,0,47
meta/main.js,183,js,4cb63946,SY-42,2025-02-14,23:20:24,-08:00,2025-02-14T23:20:24-08:00,0,0
meta/main.js,184,js,4cb63946,SY-42,2025-02-14,23:20:24,-08:00,2025-02-14T23:20:24-08:00,0,23
meta/main.js,185,js,4cb63946,SY-42,2025-02-14,23:20:24,-08:00,2025-02-14T23:20:24-08:00,0,19
meta/main.js,186,js,4cb63946,SY-42,2025-02-14,23:20:24,-08:00,2025-02-14T23:20:24-08:00,0,37
meta/main.js,187,js,4cb63946,SY-42,2025-02-14,23:20:24,-08:00,2025-02-14T23:20:24-08:00,0,1
meta/main.js,188,js,4cb63946,SY-42,2025-02-14,23:20:24,-08:00,2025-02-14T23:20:24-08:00,0,0
meta/main.js,189,js,4cb63946,SY-42,2025-02-14,23:20:24,-08:00,2025-02-14T23:20:24-08:00,0,0
meta/main.js,190,js,4cb63946,SY-42,2025-02-14,23:20:24,-08:00,2025-02-14T23:20:24-08:00,0,16
meta/main.js,191,js,4cb63946,SY-42,2025-02-14,23:20:24,-08:00,2025-02-14T23:20:24-08:00,0,0
meta/main.js,192,js,4cb63946,SY-42,2025-02-14,23:20:24,-08:00,2025-02-14T23:20:24-08:00,0,0
meta/main.js,193,js,4cb63946,SY-42,2025-02-14,23:20:24,-08:00,2025-02-14T23:20:24-08:00,0,0
meta/main.js,194,js,4cb63946,SY-42,2025-02-14,23:20:24,-08:00,2025-02-14T23:20:24-08:00,0,32
meta/main.js,195,js,4cb63946,SY-42,2025-02-14,23:20:24,-08:00,2025-02-14T23:20:24-08:00,0,37
meta/main.js,196,js,4cb63946,SY-42,2025-02-14,23:20:24,-08:00,2025-02-14T23:20:24-08:00,0,33
meta/main.js,197,js,4cb63946,SY-42,2025-02-14,23:20:24,-08:00,2025-02-14T23:20:24-08:00,0,4
meta/main.js,198,js,4cb63946,SY-42,2025-02-14,23:20:24,-08:00,2025-02-14T23:20:24-08:00,0,0
meta/main.js,199,js,4cb63946,SY-42,2025-02-14,23:20:24,-08:00,2025-02-14T23:20:24-08:00,0,63
meta/main.js,200,js,4cb63946,SY-42,2025-02-14,23:20:24,-08:00,2025-02-14T23:20:24-08:00,0,29
meta/main.js,201,js,4cb63946,SY-42,2025-02-14,23:20:24,-08:00,2025-02-14T23:20:24-08:00,0,29
meta/main.js,202,js,4cb63946,SY-42,2025-02-14,23:20:24,-08:00,2025-02-14T23:20:24-08:00,0,19
meta/main.js,203,js,4cb63946,SY-42,2025-02-14,23:20:24,-08:00,2025-02-14T23:20:24-08:00,0,0
meta/main.js,204,js,4cb63946,SY-42,2025-02-14,23:20:24,-08:00,2025-02-14T23:20:24-08:00,0,22
meta/main.js,205,js,4cb63946,SY-42,2025-02-14,23:20:24,-08:00,2025-02-14T23:20:24-08:00,0,0
meta/main.js,206,js,4cb63946,SY-42,2025-02-14,23:20:24,-08:00,2025-02-14T23:20:24-08:00,0,0
meta/main.js,207,js,4cb63946,SY-42,2025-02-14,23:20:24,-08:00,2025-02-14T23:20:24-08:00,0,0
meta/main.js,208,js,4cb63946,SY-42,2025-02-14,23:20:24,-08:00,2025-02-14T23:20:24-08:00,0,34
meta/main.js,209,js,4cb63946,SY-42,2025-02-14,23:20:24,-08:00,2025-02-14T23:20:24-08:00,0,33
meta/main.js,210,js,4cb63946,SY-42,2025-02-14,23:20:24,-08:00,2025-02-14T23:20:24-08:00,0,64
meta/main.js,211,js,4cb63946,SY-42,2025-02-14,23:20:24,-08:00,2025-02-14T23:20:24-08:00,0,64
meta/main.js,212,js,4cb63946,SY-42,2025-02-14,23:20:24,-08:00,2025-02-14T23:20:24-08:00,0,0
meta/main.js,213,js,4cb63946,SY-42,2025-02-14,23:20:24,-08:00,2025-02-14T23:20:24-08:00,0,27
meta/main.js,214,js,4cb63946,SY-42,2025-02-14,23:20:24,-08:00,2025-02-14T23:20:24-08:00,0,31
meta/main.js,215,js,4cb63946,SY-42,2025-02-14,23:20:24,-08:00,2025-02-14T23:20:24-08:00,0,0
meta/main.js,216,js,4cb63946,SY-42,2025-02-14,23:20:24,-08:00,2025-02-14T23:20:24-08:00,0,59
meta/main.js,217,js,4cb63946,SY-42,2025-02-14,23:20:24,-08:00,2025-02-14T23:20:24-08:00,0,0
meta/main.js,218,js,4cb63946,SY-42,2025-02-14,23:20:24,-08:00,2025-02-14T23:20:24-08:00,0,0
meta/main.js,219,js,4cb63946,SY-42,2025-02-14,23:20:24,-08:00,2025-02-14T23:20:24-08:00,0,27
meta/main.js,220,js,4cb63946,SY-42,2025-02-14,23:20:24,-08:00,2025-02-14T23:20:24-08:00,0,48
meta/main.js,221,js,4cb63946,SY-42,2025-02-14,23:20:24,-08:00,2025-02-14T23:20:24-08:00,0,70
meta/main.js,222,js,4cb63946,SY-42,2025-02-14,23:20:24,-08:00,2025-02-14T23:20:24-08:00,0,0
meta/main.js,223,js,4cb63946,SY-42,2025-02-14,23:20:24,-08:00,2025-02-14T23:20:24-08:00,0,0
meta/main.js,224,js,4cb63946,SY-42,2025-02-14,23:20:24,-08:00,2025-02-14T23:20:24-08:00,0,0
meta/main.js,225,js,4cb63946,SY-42,2025-02-14,23:20:24,-08:00,2025-02-14T23:20:24-08:00,0,28
meta/main.js,226,js,4cb63946,SY-42,2025-02-14,23:20:24,-08:00,2025-02-14T23:20:24-08:00,0,0
meta/main.js,227,js,4cb63946,SY-42,2025-02-14,23:20:24,-08:00,2025-02-14T23:20:24-08:00,0,68
meta/main.js,228,js,4cb63946,SY-42,2025-02-14,23:20:24,-08:00,2025-02-14T23:20:24-08:00,0,0
meta/main.js,229,js,4cb63946,SY-42,2025-02-14,23:20:24,-08:00,2025-02-14T23:20:24-08:00,0,28
meta/main.js,230,js,4cb63946,SY-42,2025-02-14,23:20:24,-08:00,2025-02-14T23:20:24-08:00,0,28
meta/main.js,231,js,4cb63946,SY-42,2025-02-14,23:20:24,-08:00,2025-02-14T23:20:24-08:00,0,68
meta/main.js,232,js,4cb63946,SY-42,2025-02-14,23:20:24,-08:00,2025-02-14T23:20:24-08:00,0,0
meta/main.js,233,js,4cb63946,SY-42,2025-02-14,23:20:24,-08:00,2025-02-14T23:20:24-08:00,0,13
meta/main.js,234,js,4cb63946,SY-42,2025-02-14,23:20:24,-08:00,2025-02-14T23:20:24-08:00,0,16
meta/main.js,235,js,4cb63946,SY-42,2025-02-14,23:20:24,-08:00,2025-02-14T23:20:24-08:00,0,13
meta/main.js,236,js,4cb63946,SY-42,2025-02-14,23:20:24,-08:00,2025-02-14T23:20:24-08:00,0,41
meta/main.js,237,js,4cb63946,SY-42,2025-02-14,23:20:24,-08:00,2025-02-14T23:20:24-08:00,0,29
meta/main.js,238,js,4cb63946,SY-42,2025-02-14,23:20:24,-08:00,2025-02-14T23:20:24-08:00,0,0
meta/main.js,239,js,4cb63946,SY-42,2025-02-14,23:20:24,-08:00,2025-02-14T23:20:24-08:00,0,10
meta/main.js,240,js,4cb63946,SY-42,2025-02-14,23:20:24,-08:00,2025-02-14T23:20:24-08:00,0,11
meta/main.js,241,js,4cb63946,SY-42,2025-02-14,23:20:24,-08:00,2025-02-14T23:20:24-08:00,0,45
meta/main.js,242,js,4cb63946,SY-42,2025-02-14,23:20:24,-08:00,2025-02-14T23:20:24-08:00,0,17
meta/main.js,243,js,4cb63946,SY-42,2025-02-14,23:20:24,-08:00,2025-02-14T23:20:24-08:00,0,7
meta/main.js,244,js,4cb63946,SY-42,2025-02-14,23:20:24,-08:00,2025-02-14T23:20:24-08:00,0,0
meta/main.js,245,js,4cb63946,SY-42,2025-02-14,23:20:24,-08:00,2025-02-14T23:20:24-08:00,0,60
meta/main.js,246,js,4cb63946,SY-42,2025-02-14,23:20:24,-08:00,2025-02-14T23:20:24-08:00,0,0
meta/main.js,247,js,4cb63946,SY-42,2025-02-14,23:20:24,-08:00,2025-02-14T23:20:24-08:00,0,0
meta/main.js,248,js,4cb63946,SY-42,2025-02-14,23:20:24,-08:00,2025-02-14T23:20:24-08:00,0,59
meta/main.js,249,js,4cb63946,SY-42,2025-02-14,23:20:24,-08:00,2025-02-14T23:20:24-08:00,0,0
meta/main.js,250,js,4cb63946,SY-42,2025-02-14,23:20:24,-08:00,2025-02-14T23:20:24-08:00,0,19
meta/main.js,251,js,4cb63946,SY-42,2025-02-14,23:20:24,-08:00,2025-02-14T23:20:24-08:00,0,15
meta/main.js,252,js,4cb63946,SY-42,2025-02-14,23:20:24,-08:00,2025-02-14T23:20:24-08:00,0,27
meta/main.js,253,js,4cb63946,SY-42,2025-02-14,23:20:24,-08:00,2025-02-14T23:20:24-08:00,0,30
meta/main.js,254,js,4cb63946,SY-42,2025-02-14,23:20:24,-08:00,2025-02-14T23:20:24-08:00,0,17
meta/main.js,255,js,4cb63946,SY-42,2025-02-14,23:20:24,-08:00,2025-02-14T23:20:24-08:00,0,41
meta/main.js,256,js,4cb63946,SY-42,2025-02-14,23:20:24,-08:00,2025-02-14T23:20:24-08:00,0,43
meta/main.js,257,js,4cb63946,SY-42,2025-02-14,23:20:24,-08:00,2025-02-14T23:20:24-08:00,0,1
meta/main.js,258,js,4cb63946,SY-42,2025-02-14,23:20:24,-08:00,2025-02-14T23:20:24-08:00,0,0
meta/main.js,259,js,4cb63946,SY-42,2025-02-14,23:20:24,-08:00,2025-02-14T23:20:24-08:00,0,31
meta/main.js,260,js,4cb63946,SY-42,2025-02-14,23:20:24,-08:00,2025-02-14T23:20:24-08:00,0,49
meta/main.js,261,js,4cb63946,SY-42,2025-02-14,23:20:24,-08:00,2025-02-14T23:20:24-08:00,0,49
meta/main.js,262,js,4cb63946,SY-42,2025-02-14,23:20:24,-08:00,2025-02-14T23:20:24-08:00,0,0
meta/main.js,263,js,4cb63946,SY-42,2025-02-14,23:20:24,-08:00,2025-02-14T23:20:24-08:00,0,31
meta/main.js,264,js,4cb63946,SY-42,2025-02-14,23:20:24,-08:00,2025-02-14T23:20:24-08:00,0,20
meta/main.js,265,js,4cb63946,SY-42,2025-02-14,23:20:24,-08:00,2025-02-14T23:20:24-08:00,0,11
meta/main.js,266,js,4cb63946,SY-42,2025-02-14,23:20:24,-08:00,2025-02-14T23:20:24-08:00,0,26
meta/main.js,267,js,4cb63946,SY-42,2025-02-14,23:20:24,-08:00,2025-02-14T23:20:24-08:00,0,54
meta/main.js,268,js,4cb63946,SY-42,2025-02-14,23:20:24,-08:00,2025-02-14T23:20:24-08:00,0,0
meta/main.js,269,js,4cb63946,SY-42,2025-02-14,23:20:24,-08:00,2025-02-14T23:20:24-08:00,0,65
meta/main.js,270,js,4cb63946,SY-42,2025-02-14,23:20:24,-08:00,2025-02-14T23:20:24-08:00,0,78
meta/main.js,271,js,4cb63946,SY-42,2025-02-14,23:20:24,-08:00,2025-02-14T23:20:24-08:00,0,0
meta/main.js,272,js,4cb63946,SY-42,2025-02-14,23:20:24,-08:00,2025-02-14T23:20:24-08:00,0,0
meta/main.js,273,js,4cb63946,SY-42,2025-02-14,23:20:24,-08:00,2025-02-14T23:20:24-08:00,0,17
meta/main.js,274,js,4cb63946,SY-42,2025-02-14,23:20:24,-08:00,2025-02-14T23:20:24-08:00,0,35
meta/main.js,275,js,4cb63946,SY-42,2025-02-14,23:20:24,-08:00,2025-02-14T23:20:24-08:00,0,32
meta/main.js,276,js,4cb63946,SY-42,2025-02-14,23:20:24,-08:00,2025-02-14T23:20:24-08:00,0,59
meta/main.js,277,js,4cb63946,SY-42,2025-02-14,23:20:24,-08:00,2025-02-14T23:20:24-08:00,0,0
meta/main.js,278,js,4cb63946,SY-42,2025-02-14,23:20:24,-08:00,2025-02-14T23:20:24-08:00,0,12
meta/main.js,279,js,4cb63946,SY-42,2025-02-14,23:20:24,-08:00,2025-02-14T23:20:24-08:00,0,2
meta/main.js,280,js,4cb63946,SY-42,2025-02-14,23:20:24,-08:00,2025-02-14T23:20:24-08:00,0,11
meta/main.js,281,js,4cb63946,SY-42,2025-02-14,23:20:24,-08:00,2025-02-14T23:20:24-08:00,0,55
meta/main.js,282,js,4cb63946,SY-42,2025-02-14,23:20:24,-08:00,2025-02-14T23:20:24-08:00,0,12
meta/main.js,283,js,4cb63946,SY-42,2025-02-14,23:20:24,-08:00,2025-02-14T23:20:24-08:00,0,0
meta/main.js,284,js,4cb63946,SY-42,2025-02-14,23:20:24,-08:00,2025-02-14T23:20:24-08:00,0,12
meta/main.js,285,js,4cb63946,SY-42,2025-02-14,23:20:24,-08:00,2025-02-14T23:20:24-08:00,0,2
meta/main.js,286,js,4cb63946,SY-42,2025-02-14,23:20:24,-08:00,2025-02-14T23:20:24-08:00,0,11
meta/main.js,287,js,4cb63946,SY-42,2025-02-14,23:20:24,-08:00,2025-02-14T23:20:24-08:00,0,53
meta/main.js,288,js,4cb63946,SY-42,2025-02-14,23:20:24,-08:00,2025-02-14T23:20:24-08:00,0,12
meta/main.js,289,js,4cb63946,SY-42,2025-02-14,23:20:24,-08:00,2025-02-14T23:20:24-08:00,0,0
meta/main.js,290,js,4cb63946,SY-42,2025-02-14,23:20:24,-08:00,2025-02-14T23:20:24-08:00,0,0
meta/main.js,291,js,4cb63946,SY-42,2025-02-14,23:20:24,-08:00,2025-02-14T23:20:24-08:00,0,50
meta/main.js,292,js,4cb63946,SY-42,2025-02-14,23:20:24,-08:00,2025-02-14T23:20:24-08:00,0,0
meta/main.js,293,js,4cb63946,SY-42,2025-02-14,23:20:24,-08:00,2025-02-14T23:20:24-08:00,0,49
meta/main.js,294,js,4cb63946,SY-42,2025-02-14,23:20:24,-08:00,2025-02-14T23:20:24-08:00,0,60
meta/main.js,295,js,4cb63946,SY-42,2025-02-14,23:20:24,-08:00,2025-02-14T23:20:24-08:00,0,0
meta/main.js,296,js,4cb63946,SY-42,2025-02-14,23:20:24,-08:00,2025-02-14T23:20:24-08:00,0,3
meta/main.js,297,js,4cb63946,SY-42,2025-02-14,23:20:24,-08:00,2025-02-14T23:20:24-08:00,0,19
meta/main.js,298,js,4cb63946,SY-42,2025-02-14,23:20:24,-08:00,2025-02-14T23:20:24-08:00,0,19
meta/main.js,299,js,4cb63946,SY-42,2025-02-14,23:20:24,-08:00,2025-02-14T23:20:24-08:00,0,14
meta/main.js,300,js,4cb63946,SY-42,2025-02-14,23:20:24,-08:00,2025-02-14T23:20:24-08:00,0,37
meta/main.js,301,js,4cb63946,SY-42,2025-02-14,23:20:24,-08:00,2025-02-14T23:20:24-08:00,0,37
meta/main.js,302,js,4cb63946,SY-42,2025-02-14,23:20:24,-08:00,2025-02-14T23:20:24-08:00,0,25
meta/main.js,303,js,4cb63946,SY-42,2025-02-14,23:20:24,-08:00,2025-02-14T23:20:24-08:00,0,38
meta/main.js,304,js,4cb63946,SY-42,2025-02-14,23:20:24,-08:00,2025-02-14T23:20:24-08:00,0,26
meta/main.js,305,js,4cb63946,SY-42,2025-02-14,23:20:24,-08:00,2025-02-14T23:20:24-08:00,0,37
meta/main.js,306,js,4cb63946,SY-42,2025-02-14,23:20:24,-08:00,2025-02-14T23:20:24-08:00,0,55
meta/main.js,307,js,4cb63946,SY-42,2025-02-14,23:20:24,-08:00,2025-02-14T23:20:24-08:00,0,28
meta/main.js,308,js,4cb63946,SY-42,2025-02-14,23:20:24,-08:00,2025-02-14T23:20:24-08:00,0,29
meta/main.js,309,js,4cb63946,SY-42,2025-02-14,23:20:24,-08:00,2025-02-14T23:20:24-08:00,0,28
meta/main.js,310,js,4cb63946,SY-42,2025-02-14,23:20:24,-08:00,2025-02-14T23:20:24-08:00,0,1
meta/main.js,311,js,4cb63946,SY-42,2025-02-14,23:20:24,-08:00,2025-02-14T23:20:24-08:00,0,24
meta/main.js,312,js,4cb63946,SY-42,2025-02-14,23:20:24,-08:00,2025-02-14T23:20:24-08:00,0,57
meta/main.js,313,js,4cb63946,SY-42,2025-02-14,23:20:24,-08:00,2025-02-14T23:20:24-08:00,0,49
meta/main.js,314,js,4cb63946,SY-42,2025-02-14,23:20:24,-08:00,2025-02-14T23:20:24-08:00,0,30
meta/main.js,315,js,4cb63946,SY-42,2025-02-14,23:20:24,-08:00,2025-02-14T23:20:24-08:00,0,2
meta/main.js,316,js,4cb63946,SY-42,2025-02-14,23:20:24,-08:00,2025-02-14T23:20:24-08:00,0,0
meta/main.js,317,js,4cb63946,SY-42,2025-02-14,23:20:24,-08:00,2025-02-14T23:20:24-08:00,0,0
meta/main.js,318,js,4cb63946,SY-42,2025-02-14,23:20:24,-08:00,2025-02-14T23:20:24-08:00,0,0
meta/main.js,319,js,4cb63946,SY-42,2025-02-14,23:20:24,-08:00,2025-02-14T23:20:24-08:00,0,0
meta/main.js,320,js,4cb63946,SY-42,2025-02-14,23:20:24,-08:00,2025-02-14T23:20:24-08:00,0,0
meta/main.js,321,js,4cb63946,SY-42,2025-02-14,23:20:24,-08:00,2025-02-14T23:20:24-08:00,0,0
meta/index.html,1,html,a5f3d7bc,SY-42,2025-02-14,20:43:57,-08:00,2025-02-14T20:43:57-08:00,0,14
meta/index.html,2,html,a5f3d7bc,SY-42,2025-02-14,20:43:57,-08:00,2025-02-14T20:43:57-08:00,0,15
meta/index.html,3,html,a5f3d7bc,SY-42,2025-02-14,20:43:57,-08:00,2025-02-14T20:43:57-08:00,0,5
meta/index.html,4,html,a5f3d7bc,SY-42,2025-02-14,20:43:57,-08:00,2025-02-14T20:43:57-08:00,0,21
meta/index.html,5,html,a5f3d7bc,SY-42,2025-02-14,20:43:57,-08:00,2025-02-14T20:43:57-08:00,0,58
meta/index.html,6,html,a5f3d7bc,SY-42,2025-02-14,20:43:57,-08:00,2025-02-14T20:43:57-08:00,0,49
meta/index.html,7,html,4cb63946,SY-42,2025-02-14,23:20:24,-08:00,2025-02-14T23:20:24-08:00,0,46
meta/index.html,8,html,4cb63946,SY-42,2025-02-14,23:20:24,-08:00,2025-02-14T23:20:24-08:00,0,52
meta/index.html,9,html,a5f3d7bc,SY-42,2025-02-14,20:43:57,-08:00,2025-02-14T20:43:57-08:00,0,69
meta/index.html,10,html,a5f3d7bc,SY-42,2025-02-14,20:43:57,-08:00,2025-02-14T20:43:57-08:00,0,18
meta/index.html,11,html,a5f3d7bc,SY-42,2025-02-14,20:43:57,-08:00,2025-02-14T20:43:57-08:00,0,6
meta/index.html,12,html,a5f3d7bc,SY-42,2025-02-14,20:43:57,-08:00,2025-02-14T20:43:57-08:00,0,5
meta/index.html,13,html,4cb63946,SY-42,2025-02-14,23:20:24,-08:00,2025-02-14T23:20:24-08:00,0,3
meta/index.html,14,html,a5f3d7bc,SY-42,2025-02-14,20:43:57,-08:00,2025-02-14T20:43:57-08:00,0,3
meta/index.html,15,html,a5f3d7bc,SY-42,2025-02-14,20:43:57,-08:00,2025-02-14T20:43:57-08:00,0,4
meta/index.html,16,html,4cb63946,SY-42,2025-02-14,23:20:24,-08:00,2025-02-14T23:20:24-08:00,0,15
meta/index.html,17,html,4cb63946,SY-42,2025-02-14,23:20:24,-08:00,2025-02-14T23:20:24-08:00,0,5
meta/index.html,18,html,4cb63946,SY-42,2025-02-14,23:20:24,-08:00,2025-02-14T23:20:24-08:00,0,0
meta/index.html,19,html,4cb63946,SY-42,2025-02-14,23:20:24,-08:00,2025-02-14T23:20:24-08:00,0,30
meta/index.html,20,html,4cb63946,SY-42,2025-02-14,23:20:24,-08:00,2025-02-14T23:20:24-08:00,0,21
meta/index.html,21,html,4cb63946,SY-42,2025-02-14,23:20:24,-08:00,2025-02-14T23:20:24-08:00,0,0
meta/index.html,22,html,4cb63946,SY-42,2025-02-14,23:20:24,-08:00,2025-02-14T23:20:24-08:00,0,58
meta/index.html,23,html,4cb63946,SY-42,2025-02-14,23:20:24,-08:00,2025-02-14T23:20:24-08:00,0,14
meta/index.html,24,html,4cb63946,SY-42,2025-02-14,23:20:24,-08:00,2025-02-14T23:20:24-08:00,0,3
meta/index.html,25,html,4cb63946,SY-42,2025-02-14,23:20:24,-08:00,2025-02-14T23:20:24-08:00,0,47
meta/index.html,26,html,4cb63946,SY-42,2025-02-14,23:20:24,-08:00,2025-02-14T23:20:24-08:00,0,4
meta/index.html,27,html,4cb63946,SY-42,2025-02-14,23:20:24,-08:00,2025-02-14T23:20:24-08:00,0,0
meta/index.html,28,html,4cb63946,SY-42,2025-02-14,23:20:24,-08:00,2025-02-14T23:20:24-08:00,0,12
meta/index.html,29,html,4cb63946,SY-42,2025-02-14,23:20:24,-08:00,2025-02-14T23:20:24-08:00,0,25
meta/index.html,30,html,4cb63946,SY-42,2025-02-14,23:20:24,-08:00,2025-02-14T23:20:24-08:00,0,4
meta/index.html,31,html,4cb63946,SY-42,2025-02-14,23:20:24,-08:00,2025-02-14T23:20:24-08:00,0,0
meta/index.html,32,html,4cb63946,SY-42,2025-02-14,23:20:24,-08:00,2025-02-14T23:20:24-08:00,0,46
meta/index.html,33,html,4cb63946,SY-42,2025-02-14,23:20:24,-08:00,2025-02-14T23:20:24-08:00,0,46
meta/index.html,34,html,a5f3d7bc,SY-42,2025-02-14,20:43:57,-08:00,2025-02-14T20:43:57-08:00,0,6
meta/index.html,35,html,a5f3d7bc,SY-42,2025-02-14,20:43:57,-08:00,2025-02-14T20:43:57-08:00,0,6
contact/index.html,1,html,f082cb86,SY-42,2025-01-10,20:57:04,-08:00,2025-01-10T20:57:04-08:00,0,14
contact/index.html,2,html,f082cb86,SY-42,2025-01-10,20:57:04,-08:00,2025-01-10T20:57:04-08:00,0,15
contact/index.html,3,html,f082cb86,SY-42,2025-01-10,20:57:04,-08:00,2025-01-10T20:57:04-08:00,0,5
contact/index.html,4,html,f082cb86,SY-42,2025-01-10,20:57:04,-08:00,2025-01-10T20:57:04-08:00,0,21
contact/index.html,5,html,27d90ddc,SY-42,2025-01-18,22:44:15,-08:00,2025-01-18T22:44:15-08:00,0,58
contact/index.html,6,html,b96a2137,SY-42,2025-01-25,22:39:29,-08:00,2025-01-25T22:39:29-08:00,0,49
contact/index.html,7,html,f082cb86,SY-42,2025-01-10,20:57:04,-08:00,2025-01-10T20:57:04-08:00,0,69
contact/index.html,8,html,7cc2d127,SY-42,2025-01-10,21:26:05,-08:00,2025-01-10T21:26:05-08:00,0,26
contact/index.html,9,html,f082cb86,SY-42,2025-01-10,20:57:04,-08:00,2025-01-10T20:57:04-08:00,0,6
contact/index.html,10,html,f082cb86,SY-42,2025-01-10,20:57:04,-08:00,2025-01-10T20:57:04-08:00,0,5
contact/index.html,11,html,b96a2137,SY-42,2025-01-25,22:39:29,-08:00,2025-01-25T22:39:29-08:00,0,9
contact/index.html,12,html,a8b7d3f8,SY-42,2025-01-10,21:20:38,-08:00,2025-01-10T21:20:38-08:00,0,52
contact/index.html,13,html,b96a2137,SY-42,2025-01-25,22:39:29,-08:00,2025-01-25T22:39:29-08:00,0,63
contact/index.html,14,html,a8b7d3f8,SY-42,2025-01-10,21:20:38,-08:00,2025-01-10T21:20:38-08:00,0,65
contact/index.html,15,html,ca7cfd8c,SY-42,2025-01-10,22:40:31,-08:00,2025-01-10T22:40:31-08:00,0,56
contact/index.html,16,html,b96a2137,SY-42,2025-01-25,22:39:29,-08:00,2025-01-25T22:39:29-08:00,0,9
contact/index.html,17,html,f082cb86,SY-42,2025-01-10,20:57:04,-08:00,2025-01-10T20:57:04-08:00,0,3
contact/index.html,18,html,f082cb86,SY-42,2025-01-10,20:57:04,-08:00,2025-01-10T20:57:04-08:00,0,11
contact/index.html,19,html,f082cb86,SY-42,2025-01-10,20:57:04,-08:00,2025-01-10T20:57:04-08:00,0,4
contact/index.html,20,html,42f06471,SY-42,2025-01-10,21:16:58,-08:00,2025-01-10T21:16:58-08:00,0,76
contact/index.html,21,html,42f06471,SY-42,2025-01-10,21:16:58,-08:00,2025-01-10T21:16:58-08:00,0,6
contact/index.html,22,html,42f06471,SY-42,2025-01-10,21:16:58,-08:00,2025-01-10T21:16:58-08:00,0,4
contact/index.html,23,html,42f06471,SY-42,2025-01-10,21:16:58,-08:00,2025-01-10T21:16:58-08:00,0,61
contact/index.html,24,html,42f06471,SY-42,2025-01-10,21:16:58,-08:00,2025-01-10T21:16:58-08:00,0,7
contact/index.html,25,html,42f06471,SY-42,2025-01-10,21:16:58,-08:00,2025-01-10T21:16:58-08:00,0,6
contact/index.html,26,html,42f06471,SY-42,2025-01-10,21:16:58,-08:00,2025-01-10T21:16:58-08:00,0,6
contact/index.html,27,html,42f06471,SY-42,2025-01-10,21:16:58,-08:00,2025-01-10T21:16:58-08:00,0,46
contact/index.html,28,html,42f06471,SY-42,2025-01-10,21:16:58,-08:00,2025-01-10T21:16:58-08:00,0,7
contact/index.html,29,html,42f06471,SY-42,2025-01-10,21:16:58,-08:00,2025-01-10T21:16:58-08:00,0,6
contact/index.html,30,html,42f06471,SY-42,2025-01-10,21:16:58,-08:00,2025-01-10T21:16:58-08:00,0,3
contact/index.html,31,html,42f06471,SY-42,2025-01-10,21:16:58,-08:00,2025-01-10T21:16:58-08:00,0,80
contact/index.html,32,html,42f06471,SY-42,2025-01-10,21:16:58,-08:00,2025-01-10T21:16:58-08:00,0,7
contact/index.html,33,html,42f06471,SY-42,2025-01-10,21:16:58,-08:00,2025-01-10T21:16:58-08:00,0,22
contact/index.html,34,html,42f06471,SY-42,2025-01-10,21:16:58,-08:00,2025-01-10T21:16:58-08:00,0,6
contact/index.html,35,html,f082cb86,SY-42,2025-01-10,20:57:04,-08:00,2025-01-10T20:57:04-08:00,0,6
contact/index.html,36,html,f082cb86,SY-42,2025-01-10,20:57:04,-08:00,2025-01-10T20:57:04-08:00,0,6
